;;;;;;;;;;;;;;;52;52;;;;;Div;;;;;;;;;;3 Year;5 Year;10 Year;3 Year;5 Year;10 Year;3 Year;5 Year;10 Year;;;;;;;;;;;;;;
;;;;;;Pts;%;Undervalue;;Pts;%;Overvalue;;;wk;wk;Bk;12-Mo;;Pay;in;L/T;;;;;;;;;Div Growth;Div Growth;Div Growth;EPS Growth;EPS Growth;EPS Growth;Rev Growth;Rev Growth;Rev Growth;;;;;;;;;;;;;;
STOCK;;;Price;Dividend;Yield;Dn;Down;LoPr/HiYld;;Up;Up;HiPr/LoYld;;S&P;Lo;Hi;Val;Earn;P/E;out;Dgr;Debt;BC;Tic;SECTOR;INDUSTRY;SUB-SECTOR;ROIC;FCFY;PVR;;;;;;;;;;;;;;;;;;;;;;;
1st Source Corporation;;U;50;1,36;2,73%;4;9%;45;3,00%;41;82%;91;1,50%;A;41;57;40;4,97;10;27%;;35%;6;SRCE;Financials;Banks;Regional Banks;10%;2%;0,8;4,78%;6,25%;7,72%;16,64%;9,74%;9,50%;3,85%;3,50%;4,67%;;;;;;;;;;;;;;
3M Company;;U;98;2,80;2,87%;4;4%;93;3,00%;67;69%;165;1,70%;A-;71;106;9;-12,72;-8;-22%;X;334%;6;MMM;Industrials;Industrial Conglomerates;Industrial Conglomerates;14%;15%;1,0;0,68%;1,98%;8,98%;;;;0,51%;-0,05%;0,57%;;;;;;;;;;;;;;
Abbott Laboratories;G;R;101;2,20;2,18%;13;13%;88;2,50%;62;62%;163;1,35%;B+;90;122;22;3,22;31;68%;;38%;5;ABT;Health Care;Health Care Equipment & Supplies;Health Care Equipment;8%;2%;2,6;12,31%;12,74%;13,80%;9,25%;19,64%;7,24%;5,04%;5,58%;7,39%;;;;;;;;;;;;;;
AbbVie Inc.;g;R;155;6,20;4,01%;17;11%;138;4,50%;104;67%;258;2,40%;A;131;183;6;3,36;46;185%;X;573%;5;ABBV;Health Care;Biotechnology;Biotechnology;13%;5%;1,6;7,84%;10,52%;13,98%;0;-5,76%;0,61%;5,85%;10,65%;11,20%;;;;;;;;;;;;;;
ABM Industries;;D;46;0,90;1,95%;13;28%;33;2,70%;14;30%;60;1,50%;A-;38;53;29;3,92;12;23%;;73%;6;ABM;Industrials;Commercial Services & Supplies;Environmental & Facilities Services;7%;6%;1,4;5,95%;4,68%;3,90%;847,33%;20,85%;11,29%;10,58%;4,68%;6,22%;;;;;;;;;;;;;;
AFLAC;;D;87;2,00;2,29%;37;43%;50;4,00%;18;21%;105;1,90%;A;64;89;38;9,07;10;22%;;33%;6;AFL;Financials;Insurance;Life & Health Insurance;16%;8%;0,7;14,47%;10,07%;8,99%;5,27%;15,59%;8,69%;-5,41%;-2,80%;-2,32%;;;;;;;;;;;;;;
AGCO Corporation;G;U;105;1,16;1,11%;-1;-1%;105;1,10%;106;102%;211;0,55%;A-;103;137;62;14,79;7;8%;;30%;5;AGCO;Industrials;Machinery;Agricultural & Farm Machinery;15%;9%;0,5;20,15%;13,09%;10,75%;40,38%;34,28%;10,03%;16,35%;9,04%;2,94%;;;;;;;;;;;;;;
Air Products & Chem;;R;260;7,08;2,72%;46;18%;215;3,30%;182;70%;443;1,60%;A;212;308;64;11,06;24;64%;;72%;6;APD;Materials;Chemicals;Industrial Gases;9%;-4%;2,5;9,87%;10,08%;9,51%;6,76%;8,79%;8,24%;12,47%;7,13%;2,16%;;;;;;;;;;;;;;
Alamo Group Inc.;G;R;188;1,04;0,55%;72;38%;116;0,90%;159;85%;347;0,30%;A-;158;231;78;11,24;17;9%;;25%;5;ALG;Industrials;Machinery;Agricultural & Farm Machinery;11%;3%;1,5;19,17%;14,87%;12,13%;32,53%;12,69%;14,40%;13,24%;10,87%;9,50%;;;;;;;;;;;;;;
ALLETE Inc.;;D;62;2,82;4,53%;15;24%;47;6,00%;46;74%;108;2,60%;A-;49;66;49;4,17;15;68%;;64%;6;ALE;Utilities;Electric Utilities;Electric Utilities;3%;4%;7,4;3,14%;3,88%;3,61%;8,68%;4,93%;5,04%;17,15%;4,64%;6,32%;;;;;;;;;;;;;;
Alliant Energy Corp;;U;49;1,92;3,89%;-4;-8%;53;3,60%;27;56%;77;2,50%;A;45;56;26;2,74;18;70%;;140%;6;LNT;Utilities;Electric Utilities;Electric Utilities;5%;-1%;2,9;5,99%;6,20%;6,77%;4,02%;4,89%;5,58%;5,64%;2,65%;2,08%;;;;;;;;;;;;;;
Ameren Corporation;;D;70;2,68;3,82%;22;32%;48;5,60%;37;53%;107;2,50%;A;67;89;43;4,35;16;62%;;145%;5;AEE;Utilities;Multi-Utilities;Multi-Utilities;3%;-4%;5,2;8,01%;6,41%;4,65%;7,76%;5,70%;14,01%;8,98%;3,58%;2,54%;;;;;;;;;;;;;;
American Electric Power;;D;87;3,52;4,02%;36;41%;52;6,80%;30;34%;117;3,00%;A-;69;93;48;5,38;16;65%;;170%;6;AEP;Utilities;Electric Utilities;Electric Utilities;4%;-1%;3,0;5,87%;5,90%;5,62%;-1,38%;1,69%;3,38%;8,36%;3,23%;2,51%;;;;;;;;;;;;;;
American Express;G;R;236;2,80;1,19%;80;34%;156;1,80%;44;19%;280;1,00%;A-;141;244;39;12,14;19;23%;;175%;5;AXP;Financials;Consumer Finance;Consumer Finance;15%;-1%;1,6;11,74%;10,15%;13,78%;43,80%;7,22%;8,67%;18,54%;8,41%;6,27%;;;;;;;;;;;;;;
American States Water;;U;71;1,72;2,42%;-13;-18%;84;2,05%;72;102%;143;1,20%;A;66;93;21;3,06;23;56%;;117%;6;AWR;Utilities;Water Utilities;Water Utilities;7%;-1%;2,1;8,94%;9,32%;8,09%;12,98%;14,33%;7,63%;6,86%;6,40%;2,35%;;;;;;;;;;;;;;
Ames National Corporation;;U;20;1,08;5,40%;-8;-38%;28;3,90%;25;125%;45;2,40%;B+;15;23;18;1,10;18;98%;;67%;6;ATLO;Financials;Banks;Regional Banks;5%;4%;1,2;2,94%;3,48%;5,54%;-16,48%;-8,09%;-2,21%;-6,31%;1,48%;2,74%;;;;;;;;;;;;;;
Ametek ;G;R;167;1,12;0,67%;55;33%;112;1,00%;57;34%;224;0,50%;A;137;186;38;5,69;29;20%;;38%;6;AME;Industrials;Electrical Equipment;Electrical Components & Equipment;11%;-2%;2,8;11,57%;12,30%;15,34%;14,57%;11,16%;10,44%;13,26%;6,36%;6,26%;;;;;;;;;;;;;;
Amgen Inc;G;R;296;9,00;3,04%;46;16%;250;3,60%;95;32%;391;2,30%;A-;212;330;12;7,00;42;129%;X;1037%;6;AMGN;Health Care;Biotechnology;Biotechnology;11%;-8%;4,1;10,01%;10,04%;16,31%;0,49%;-0,21%;6,52%;3,50%;3,49%;4,20%;;;;;;;;;;;;;;
AON Plc;g;D;276;2,70;0,98%;60;22%;216;1,25%;140;51%;415;0,65%;B+;268;347;-4;12,76;22;21%;;-1356%;5;AON;Financials;Insurance;Insurance Brokers;17%;6%;1,6;10,55%;9,04%;13,42%;13,97%;22,21%;13,49%;6,52%;4,43%;1,25%;;;;;;;;;;;;;;
Applied Inds. Tech;;O;190;1,48;0,78%;143;75%;48;3,10%;-92;-48%;99;1,50%;B+;122;202;38;9,53;20;16%;;43%;6;AIT;Industrials;Trading Companies & Distributors;Trading Companies & Distributors;7%;4%;4,7;3,08%;3,18%;4,60%;142,49%;19,62%;12,26%;10,78%;7,50%;6,01%;;;;;;;;;;;;;;
AptarGroup, Inc;;O;145;1,64;1,13%;61;42%;84;1,95%;-2;-2%;143;1,15%;A-;112;152;35;4,66;31;35%;;49%;6;ATR;Materials;Containers & Packaging;Metal, Glass & Plastic Containers;9%;1%;2,7;3,14%;3,66%;4,68%;9,81%;7,21%;5,37%;5,99%;4,75%;3,30%;;;;;;;;;;;;;;
Archer Daniels Midland;;R;60;2,00;3,33%;8;13%;52;3,85%;51;85%;111;1,80%;B+;51;87;47;5,70;11;35%;;35%;5;ADM;Consumer Staples;Food Products;Agricultural Products & Services;8%;12%;0,7;7,72%;6,08%;9,00%;26,85%;15,05%;12,28%;13,44%;7,86%;0,45%;;;;;;;;;;;;;;
Arrow Financial Corporation;;U;25;1,08;4,27%;-6;-22%;31;3,50%;21;82%;46;2,35%;A;16;30;22;1,72;15;63%;;12%;6;AROW;Financials;Banks;Regional Banks;6%;1%;1,1;4,30%;4,18%;3,52%;-8,98%;-3,90%;2,81%;0,53%;3,47%;4,74%;;;;;;;;;;;;;;
Arthur J Gallagher & Co;;O;245;2,40;0,98%;158;64%;87;2,75%;-53;-22%;192;1,25%;A;199;259;50;4,94;50;49%;;74%;6;AJG;Financials;Insurance;Insurance Brokers;13%;1%;2,7;6,92%;6,05%;4,62%;1,72%;5,39%;7,93%;12,84%;7,78%;12,22%;;;;;;;;;;;;;;
Associated Banc-Corp;;U;21;0,88;4,26%;-4;-22%;25;3,50%;27;130%;48;1,85%;A;15;23;26;0,98;21;89%;;59%;5;ASB;Financials;Banks;Regional Banks;6%;5%;1,0;5,69%;6,51%;9,92%;-15,31%;-9,78%;0,27%;-4,43%;-2,22%;1,36%;;;;;;;;;;;;;;
Atmos Energy;;D;111;3,22;2,89%;63;56%;49;6,60%;58;52%;169;1,90%;A;101;125;73;6,30;18;51%;;63%;6;ATO;Utilities;Gas Utilities;Gas Utilities;5%;-5%;1,9;8,77%;8,82%;7,77%;7,65%;2,35%;8,74%;14,86%;6,53%;0,99%;;;;;;;;;;;;;;
Automatic Data;G;D;240;5,60;2,33%;85;35%;156;3,60%;99;41%;339;1,65%;A+;206;257;9;8,96;27;63%;;88%;6;ADP;Industrials;Professional Services;Human Resource & Employment Services;39%;5%;2,2;10,81%;13,71%;10,91%;12,93%;14,08%;11,01%;7,28%;6,29%;6,67%;;;;;;;;;;;;;;
Avery Dennison Corp;g;D;222;3,52;1,59%;96;43%;126;2,80%;84;38%;306;1,15%;A-;159;230;26;6,85;32;51%;;152%;6;AVY;Materials;Containers & Packaging;Paper & Plastic Packaging Products & Materials;10%;3%;3,2;10,45%;9,61%;10,80%;-2,11%;3,26%;11,28%;6,26%;3,16%;3,14%;;;;;;;;;;;;;;
Avista Corp;;U;36;1,90;5,27%;1;4%;35;5,50%;54;151%;90;2,10%;A-;31;43;32;2,42;15;79%;;118%;6;AVA;Utilities;Multi-Utilities;Multi-Utilities;4%;-2%;2,2;4,34%;4,31%;4,19%;5,64%;1,59%;1,93%;9,84%;4,63%;1,97%;;;;;;;;;;;;;;
Badger Meter, Inc.;G;O;191;1,08;0,57%;144;75%;47;2,30%;-71;-37%;120;0,90%;A;134;203;18;3,47;55;31%;;0%;5;BMI;Information Technology;Electronic Equipment, Instruments & Components;Electronic Equipment & Instruments;23%;1%;4,6;12,25%;12,07%;10,96%;22,94%;27,01%;13,96%;18,25%;10,16%;7,73%;;;;;;;;;;;;;;
Balchem Corporation;G;D;150;0,79;0,53%;37;25%;113;0,70%;48;32%;198;0,40%;A-;111;160;33;3,53;42;22%;;29%;6;BCPC;Materials;Chemicals;Specialty Chemicals;9%;3%;4,0;10,85%;10,94%;11,75%;8,82%;6,72%;8,73%;9,44%;7,46%;10,59%;;;;;;;;;;;;;;
Ball Corp;G;R;67;0,80;1,20%;13;20%;53;1,50%;67;100%;133;0,60%;A-;43;71;12;1,92;35;42%;;227%;6;BALL;Materials;Containers & Packaging;Metal, Glass & Plastic Containers;6%;11%;2,4;10,06%;14,87%;11,90%;8,21%;11,57%;5,03%;5,99%;3,81%;5,18%;;;;;;;;;;;;;;
Bank of America Corporation;g;R;39;0,96;2,48%;5;13%;34;2,85%;49;125%;87;1,10%;B+;25;40;33;2,89;13;33%;;115%;5;BAC;Financials;Banks;Diversified Banks;7%;3%;1,1;8,51%;11,24%;36,83%;18,10%;3,37%;13,09%;4,85%;1,61%;1,37%;;;;;;;;;;;;;;
Bank of Hawaii;;U;56;2,80;4,97%;3;5%;53;5,25%;68;121%;124;2,25%;B+;37;75;31;3,87;15;72%;;39%;6;BOH;Financials;Banks;Regional Banks;7%;1%;1,3;1,47%;3,65%;4,52%;2,36%;-4,57%;2,05%;-0,67%;0,36%;2,13%;;;;;;;;;;;;;;
Bank of Montreal;;U;87;4,42;5,08%;-6;-7%;93;4,75%;41;47%;128;3,45%;A-;74;100;96;5,31;16;83%;;318%;6;BMO;Financials;Banks;Diversified Banks;5%;-47%;1,4;10,87%;7,91%;4,07%;-9,17%;-7,90%;-3,57%;9,58%;6,75%;4,02%;;;;;;;;;;;;;;
Bank of New York Mellon;g;R;58;1,68;2,91%;7;12%;51;3,30%;82;142%;140;1,20%;A-;40;60;48;4,00;14;42%;;78%;6;BK;Financials;Capital Markets;Asset Management & Custody Banks;6%;8%;1,3;8,41%;8,72%;10,54%;0,35%;-0,86%;8,38%;3,78%;1,58%;1,72%;;;;;;;;;;;;;;
Bank of Nova Scotia;;U;46;3,10;6,69%;-9;-20%;55;5,60%;48;103%;94;3,30%;A-;40;52;57;4,40;11;70%;;404%;6;BNS;Financials;Banks;Diversified Banks;6%;3%;0,8;4,97%;3,97%;2,82%;2,80%;-4,17%;-1,56%;0,61%;1,44%;1,54%;;;;;;;;;;;;;;
Bank OZK;g;R;40;1,56;3,94%;8;21%;31;5,00%;116;294%;156;1,00%;A;34;52;42;5,98;7;26%;;25%;6;OZK;Financials;Banks;Regional Banks;15%;6%;0,6;9,64%;12,30%;14,71%;37,46%;12,62%;16,63%;16,62%;9,51%;19,71%;;;;;;;;;;;;;;
Black Hills Corpration;;U;54;2,60;4,80%;-4;-7%;58;4,50%;50;92%;104;2,50%;A-;46;64;47;4,06;13;64%;;137%;5;BKH;Utilities;Multi-Utilities;Multi-Utilities;5%;3%;1,5;4,83%;5,31%;5,10%;2,32%;-3,45%;4,01%;11,17%;5,85%;6,21%;;;;;;;;;;;;;;
Boeing Company;;O;172;0,00;0,00%;172;100%;0;3,50%;-172;-100%;0;1,40%;A;160;268;-28;-3,54;-49;0%;X;-302%;6;BA;Industrials;Aerospace & Defense;Aerospace & Defense;1%;0%;-2,1;-100,00%;-100,00%;-100,00%;;;;10,18%;-5,11%;-1,07%;;;;;;;;;;;;;;
BP Plc;;U;37;1,75;4,71%;3;8%;34;5,10%;7;19%;44;3,95%;NR;34;41;25;3,26;11;54%;;74%;5;BP;Energy;Oil, Gas & Consumable Fuels;Integrated Oil & Gas;6%;9%;0,5;-4,13%;-7,28%;-2,70%;;12,96%;-3,54%;25,64%;-6,80%;-5,73%;;;;;;;;;;;;;;
Brady Corporation ;;O;66;0,94;1,42%;31;46%;35;2,65%;-1;-2%;65;1,45%;B+;47;69;20;3,90;17;24%;;5%;5;BRC;Industrials;Commercial Services & Supplies;Commercial Printing;12%;5%;1,3;1,88%;2,08%;-0,32%;18,49%;15,20%;;7,19%;2,56%;1,41%;;;;;;;;;;;;;;
Brown & Brown Inc;;O;86;0,52;0,60%;45;52%;42;1,25%;8;10%;95;0,55%;A;62;92;20;3,25;27;16%;;68%;6;BRO;Financials;Insurance;Insurance Brokers;10%;0%;2,8;10,98%;9,26%;9,89%;21,75%;20,11%;15,21%;17,24%;15,88%;11,97%;;;;;;;;;;;;;;
Brown-Forman Corp;;D;44;0,87;1,97%;18;40%;26;3,30%;43;97%;87;1,00%;B+;45;71;7;2,02;22;43%;;89%;6;BFB;Consumer Staples;Beverages;Distillers & Vintners;12%;3%;2,0;5,01%;5,32%;7,27%;-1,78%;1,95%;4,01%;7,93%;5,42%;4,03%;;;;;;;;;;;;;;
C. H. Robinson Worldwide;;U;84;2,44;2,91%;0;0%;84;2,90%;44;53%;128;1,90%;B+;65;101;12;2,53;33;96%;;111%;6;CHRW;Industrials;Air Freight & Logistics;Air Freight & Logistics;13%;5%;2,4;6,15%;5,35%;5,71%;-9,91%;-10,48%;0,26%;2,78%;1,13%;3,27%;;;;;;;;;;;;;;
Cadence Bancorp;g;U;28;1,00;3,63%;-11;-40%;38;2,60%;78;282%;105;0,95%;B+;18;31;27;0,18;156;566%;X;76%;6;CADE;Financials;Banks;Regional Banks;1%;-11%;9,8;8,06%;8,68%;22,86%;11,26%;5,54%;11,42%;6,32%;7,58%;6,24%;;;;;;;;;;;;;;
Cal Water Service;;U;48;1,12;2,33%;-4;-8%;52;2,15%;38;79%;86;1,30%;A-;44;58;25;2,50;19;45%;;86%;6;CWT;Utilities;Water Utilities;Water Utilities;4%;-17%;2,8;6,96%;6,76%;4,97%;-22,70%;-7,72%;-1,13%;0,01%;2,62%;3,13%;;;;;;;;;;;;;;
Carlisle Companies;G;O;415;3,40;0,82%;253;61%;162;2,10%;-15;-4%;400;0,85%;A-;211;430;59;16,48;25;21%;;81%;6;CSL;Industrials;Building Products;Building Products;15%;15%;2,2;16,00%;15,75%;14,31%;37,81%;8,66%;16,77%;4,93%;0,48%;4,54%;;;;;;;;;;;;;;
Casey's General Stores;;O;325;1,72;0,53%;169;52%;156;1,10%;-13;-4%;313;0,55%;A;213;345;71;12,58;26;14%;;63%;6;CASY;Consumer Staples;Consumer Staples Distribution & Retail;Food Retail;10%;1%;2,1;5,90%;7,89%;8,70%;18,82%;7,39%;16,04%;18,05%;12,46%;7,61%;;;;;;;;;;;;;;
Cass Info Systems;;U;42;1,20;2,85%;-12;-29%;55;2,20%;58;137%;100;1,20%;A-;36;50;17;2,18;19;55%;;0%;6;CASS;Financials;Financial Services;Transaction & Payment Processing Services;120%;3%;1,0;2,70%;6,60%;7,63%;8,01%;1,44%;3,60%;10,22%;5,50%;5,25%;;;;;;;;;;;;;;
Caterpillar Inc.;;O;338;5,20;1,54%;227;67%;111;4,70%;-41;-12%;297;1,75%;B+;206;382;39;22,15;15;23%;;195%;5;CAT;Industrials;Machinery;Construction Machinery & Heavy Transportation Equipment;25%;5%;1,4;6,67%;8,80%;8,36%;54,46%;14,42%;13,34%;17,11%;4,15%;1,88%;;;;;;;;;;;;;;
Cathay General Bancorp;g;U;36;1,36;3,78%;3;8%;33;4,10%;38;104%;74;1,85%;A;29;46;38;4,52;8;30%;;25%;5;CATY;Financials;Banks;Regional Banks;8%;2%;0,7;3,13%;5,72%;32,75%;19,19%;7,85%;13,01%;10,84%;6,28%;7,72%;;;;;;;;;;;;;;
Charles Schwab Corporation;G;D;71;1,00;1,42%;25;36%;45;2,20%;72;103%;143;0,70%;A-;49;79;17;2,40;29;42%;;144%;6;SCHW;Financials;Capital Markets;Investment Banking & Brokerage;8%;1%;3,1;11,57%;16,80%;15,34%;6,21%;0,72%;12,53%;17,23%;13,20%;13,24%;;;;;;;;;;;;;;
Chemed Corp;;D;541;1,60;0,30%;221;41%;320;0,50%;99;18%;640;0,25%;A;493;655;74;18,58;29;9%;;1%;6;CHE;Health Care;Health Care Providers & Services;Health Care Services;21%;2%;2,1;5,73%;6,10%;7,46%;-2,73%;7,95%;15,73%;2,88%;4,90%;4,83%;;;;;;;;;;;;;;
Chesapeake Util.;;U;107;2,56;2,40%;-9;-9%;116;2,20%;76;71%;183;1,40%;A;84;133;56;4,75;22;54%;;111%;6;CPK;Utilities;Gas Utilities;Gas Utilities;6%;-24%;2,9;10,14%;9,94%;8,57%;3,55%;6,51%;7,67%;11,16%;6,46%;4,20%;;;;;;;;;;;;;;
Chubb Ltd;;O;262;3,64;1,39%;127;48%;135;2,70%;-19;-7%;243;1,50%;B+;184;275;147;22,53;12;16%;;24%;5;CB;Financials;Insurance;Property & Casualty Insurance;11%;-1%;1,0;3,34%;3,29%;8,49%;40,92%;20,76%;7,16%;11,39%;8,80%;9,96%;;;;;;;;;;;;;;
Church&Dwight;;O;103;1,14;1,10%;47;45%;57;2,00%;0;0%;103;1,10%;A;82;109;16;3,15;33;36%;;62%;6;CHD;Consumer Staples;Household Products;Household Products;11%;3%;2,4;4,32%;4,61%;6,89%;-0,75%;6,09%;8,14%;6,22%;7,19%;6,27%;;;;;;;;;;;;;;
Cigna Group;G;D;333;5,60;1,61%;235;77%;70;7,00%;73;24%;378;1,30%;A-;241;366;158;12,18;17;28%;;67%;5;CI;Health Care;Health Care Providers & Services;Health Care Services;7%;10%;1,1;397,32%;161,81%;61,80%;-8,85%;10,53%;12,87%;6,73%;32,07%;19,68%;;;;;;;;;;;;;;
Cintas Corp;G;R;664;5,40;0,81%;326;49%;338;1,60%;108;16%;771;0,70%;A+;466;706;38;14,50;46;37%;;64%;6;CTAS;Industrials;Commercial Services & Supplies;Diversified Support Services;20%;2%;4,8;21,73%;23,21%;21,80%;17,00%;11,43%;17,82%;7,56%;6,36%;7,58%;;;;;;;;;;;;;;
Clorox ;;U;128;4,80;3,74%;8;6%;120;4,00%;90;70%;218;2,20%;A-;115;169;2;1,91;67;252%;X;1149%;6;CLX;Consumer Staples;Household Products;Household Products;9%;5%;1,9;3,64%;6,29%;6,31%;-45,37%;-28,13%;-11,98%;3,21%;3,83%;2,93%;;;;;;;;;;;;;;
CMS Energy Corp;;U;60;2,06;3,41%;2;4%;58;3,55%;27;45%;88;2,35%;A;50;64;25;3,13;19;66%;;207%;6;CMS;Utilities;Multi-Utilities;Multi-Utilities;3%;-2%;6,5;6,16%;6,40%;6,69%;4,47%;5,35%;6,13%;5,15%;1,66%;1,29%;;;;;;;;;;;;;;
Coca-Cola Company;;R;62;1,94;3,14%;8;13%;54;3,60%;9;14%;71;2,75%;B+;52;64;6;2,47;25;79%;;162%;5;KO;Consumer Staples;Beverages;Soft Drinks & Non-alcoholic Beverages;14%;5%;1,5;3,91%;3,36%;5,09%;11,33%;10,49%;2,66%;11,49%;5,93%;-0,24%;;;;;;;;;;;;;;
Colgate-Palmolive;;O;91;2,00;2,19%;25;27%;67;3,00%;9;10%;100;2,00%;B+;68;96;1;3,16;29;63%;;1404%;5;CL;Consumer Staples;Household Products;Household Products;19%;4%;1,8;2,96%;2,85%;3,69%;-4,09%;0,15%;1,53%;5,71%;4,59%;1,11%;;;;;;;;;;;;;;
Comcast Corporation;g;U;38;1,24;3,27%;-6;-17%;44;2,80%;40;104%;78;1,60%;A-;36;47;21;3,77;10;33%;;117%;6;CMCSA;Communication Services;Media;Cable & Satellite;7%;9%;1,1;8,03%;8,83%;11,52%;17,62%;7,96%;11,23%;5,49%;5,17%;6,52%;;;;;;;;;;;;;;
Comerica Incorporated;g;U;49;2,84;5,74%;-20;-40%;69;4,10%;209;422%;258;1,10%;B+;35;57;46;5,03;10;56%;;153%;5;CMA;Financials;Banks;Diversified Banks;7%;5%;0,9;1,45%;9,07%;15,37%;23,37%;-2,21%;8,49%;7,25%;1,54%;3,51%;;;;;;;;;;;;;;
Commerce Bancshares;;U;54;1,08;1,98%;3;5%;51;2,10%;29;53%;83;1,30%;A-;41;57;23;3,59;15;30%;;0%;6;CBSH;Financials;Banks;Regional Banks;12%;1%;1,3;5,00%;8,23%;7,06%;13,13%;4,20%;8,14%;5,61%;3,67%;4,38%;;;;;;;;;;;;;;
Commercial Metals Company;;D;54;0,72;1,32%;30;54%;25;2,90%;11;20%;65;1,10%;B+;40;60;35;5,75;9;13%;;28%;5;CMC;Materials;Metals & Mining;Steel;12%;6%;0,9;10,06%;5,92%;2,92%;46,20%;44,02%;27,08%;17,13%;13,64%;2,92%;;;;;;;;;;;;;;
Community Financial System, Inc;;U;44;1,80;4,07%;-4;-10%;49;3,70%;44;99%;88;2,05%;A;35;56;32;3,11;14;58%;;27%;6;CBU;Financials;Banks;Regional Banks;6%;3%;1,4;2,35%;4,33%;4,93%;-7,34%;-5,44%;2,36%;3,01%;2,74%;4,31%;;;;;;;;;;;;;;
Community Trust Banc;;R;41;1,84;4,48%;8;19%;33;5,50%;33;79%;74;2,50%;A-;33;46;39;4,32;10;43%;;9%;6;CTBI;Financials;Banks;Regional Banks;9%;4%;0,7;5,57%;5,46%;4,54%;9,18%;5,41%;5,22%;3,93%;3,52%;2,29%;;;;;;;;;;;;;;
Con Edison;;D;92;3,32;3,61%;22;24%;70;4,75%;15;17%;107;3,10%;A-;80;99;61;5,21;18;64%;;116%;4;ED;Utilities;Multi-Utilities;Multi-Utilities;4%;-5%;3,0;1,92%;2,53%;2,79%;30,02%;10,28%;7,16%;6,19%;3,51%;1,73%;;;;;;;;;;;;;;
Consolidated Water;;O;26;0,38;1,44%;13;48%;14;2,80%;-5;-20%;21;1,80%;B+;19;38;12;2,11;12;18%;;0%;4;CWCO;Utilities;Water Utilities;Water Utilities;22%;-1%;0,8;1,92%;1,15%;1,84%;97,89%;19,92%;12,36%;35,38%;22,35%;10,94%;;;;;;;;;;;;;;
Crane Co.;;O;144;0,82;0,57%;118;82%;26;3,20%;-85;-59%;59;1,40%;B+;72;150;24;3,68;39;22%;;18%;5;CR;Industrials;Machinery;Industrial Machinery & Supplies & Components;11%;6%;3,9;-16,26%;-6,32%;-1,38%;13,05%;-4,15%;1,78%;-10,77%;-9,01%;-2,16%;;;;;;;;;;;;;;
CSX Corp;;D;33;0,48;1,44%;19;58%;14;3,40%;8;26%;42;1,15%;A-;29;40;6;1,82;18;26%;;153%;6;CSX;Industrials;Ground Transportation;Rail Transportation;10%;4%;2,0;8,27%;8,45%;8,39%;15,52%;7,64%;11,73%;11,47%;3,65%;2,00%;;;;;;;;;;;;;;
Cullen/Frost Bankers, Inc.;;D;100;3,68;3,69%;23;23%;77;4,80%;75;76%;175;2,10%;A;82;120;56;8,45;12;44%;;6%;6;CFR;Financials;Banks;Regional Banks;10%;7%;1,0;7,90%;6,77%;6,10%;21,29%;5,69%;9,13%;11,30%;8,70%;7,97%;;;;;;;;;;;;;;
Cummins Inc.;g;R;274;6,72;2,45%;88;32%;187;3,60%;121;44%;395;1,70%;B+;203;304;62;13,63;20;49%;;76%;5;CMI;Industrials;Machinery;Construction Machinery & Heavy Transportation Equipment;12%;10%;1,2;7,15%;7,92%;11,19%;-24,59%;-17,10%;-4,20%;19,80%;7,46%;7,01%;;;;;;;;;;;;;;
Curtiss-Wright;;O;276;0,84;0,30%;216;78%;60;1,40%;-66;-24%;210;0,40%;A;158;286;61;9,72;28;9%;;45%;6;CW;Industrials;Aerospace & Defense;Aerospace & Defense;10%;5%;2,4;5,13%;5,66%;7,31%;24,22%;8,14%;12,32%;5,97%;3,36%;3,00%;;;;;;;;;;;;;;
CVS Health Corporation ;g;U;54;2,66;4,96%;-38;-71%;92;2,90%;159;296%;213;1,25%;B+;54;83;59;5,69;9;47%;;81%;6;CVS;Health Care;Health Care Providers & Services;Health Care Services;6%;0%;0,5;6,56%;3,89%;10,40%;5,82%;;5,63%;10,01%;12,95%;10,93%;;;;;;;;;;;;;;
D.R. Horton, Inc;G;D;141;1,20;0,85%;61;43%;80;1,50%;19;13%;160;0,75%;A;100;166;68;14,69;10;8%;;22%;6;DHI;Consumer Discretionary;Household Durables;Homebuilding;17%;4%;1,0;12,62%;14,87%;38,87%;29,19%;29,39%;26,38%;20,41%;17,15%;18,94%;;;;;;;;;;;;;;
Danaher Corporation;G;D;256;1,08;0,42%;142;56%;114;0,95%;104;41%;360;0,30%;A;182;269;72;5,95;43;18%;;34%;5;DHR;Health Care;Life Sciences Tools & Services;Life Sciences Tools & Services;5%;2%;5,6;13,40%;10,41%;26,51%;9,27%;11,27%;5,32%;2,35%;6,98%;2,71%;;;;;;;;;;;;;;
Deere & Co.;;D;365;5,88;1,61%;159;43%;206;2,85%;288;79%;653;0,90%;A-;346;450;77;33,22;11;18%;;291%;5;DE;Industrials;Machinery;Agricultural & Farm Machinery;28%;11%;0,8;18,43%;14,38%;9,76%;58,54%;36,75%;14,31%;20,17%;10,57%;4,96%;;;;;;;;;;;;;;
Donaldson Co;;R;72;1,00;1,38%;25;34%;48;2,10%;19;26%;91;1,10%;A;57;76;11;3,06;24;33%;;50%;5;DCI;Industrials;Machinery;Industrial Machinery & Supplies & Components;16%;2%;2,2;3,82%;5,19%;8,65%;13,19%;16,35%;5,87%;9,94%;4,64%;3,48%;;;;;;;;;;;;;;
Dover Corp;;O;182;2,04;1,12%;117;64%;65;3,15%;4;2%;185;1,10%;A-;127;189;37;10,41;17;20%;;68%;5;DOV;Industrials;Machinery;Industrial Machinery & Supplies & Components;11%;2%;2,7;1,01%;1,33%;3,42%;16,96%;14,93%;2,67%;8,08%;3,83%;1,66%;;;;;;;;;;;;;;
DOW Inc.;;U;57;2,80;4,91%;-7;-12%;64;4,40%;43;75%;100;2,80%;NR;47;61;26;1,68;34;167%;X;76%;4;DOW;Materials;Chemicals;Commodity Chemicals;3%;3%;6,8;0,00%;;;-20,63%;-33,25%;;5,00%;-2,09%;;;;;;;;;;;;;;;
DTE Energy Co;;D;111;4,08;3,68%;54;49%;57;7,20%;30;27%;141;2,90%;A-;90;117;54;6,12;18;67%;;189%;6;DTE;Utilities;Multi-Utilities;Multi-Utilities;4%;-3%;2,9;-2,02%;1,54%;4,14%;-1,53%;1,84%;6,04%;3,72%;-2,16%;2,81%;;;;;;;;;;;;;;
Duke Energy Corporation;;R;100;4,10;4,08%;18;18%;82;5,00%;17;17%;117;3,50%;B+;83;105;61;5,61;18;73%;;162%;5;DUK;Utilities;Electric Utilities;Electric Utilities;4%;1%;2,9;2,05%;2,24%;2,77%;27,20%;-1,20%;-0,60%;7,54%;3,46%;2,48%;;;;;;;;;;;;;;
EastGroup Properties, Inc.;;D;159;5,08;3,20%;57;36%;102;5,00%;95;60%;254;2,00%;A-;155;189;55;7,92;20;64%;;64%;6;EGP;Real Estate;Industrial REITs;Industrial REITs;6%;-3%;6,0;17,84%;13,13%;8,94%;17,00%;12,16%;15,13%;16,27%;13,69%;10,93%;;;;;;;;;;;;;;
Eastman Chemical Company;;U;98;3,24;3,29%;6;6%;93;3,50%;118;119%;216;1,50%;B+;69;103;47;7,77;13;42%;;89%;5;EMN;Materials;Chemicals;Specialty Chemicals;5%;4%;2,9;6,00%;6,69%;9,79%;28,87%;-0,19%;0,07%;2,82%;-1,93%;-0,15%;;;;;;;;;;;;;;
Eaton Corp Plc;;O;333;3,76;1,13%;225;68%;107;3,50%;-112;-34%;221;1,70%;A-;175;345;48;8,47;39;44%;;49%;6;ETN;Industrials;Electrical Equipment;Electrical Components & Equipment;10%;2%;4,4;5,61%;5,44%;7,43%;31,96%;10,31%;7,48%;9,11%;1,43%;0,51%;;;;;;;;;;;;;;
Ecolab Inc;;R;226;2,28;1,01%;69;30%;157;1,45%;42;19%;268;0,85%;A-;157;236;28;5,40;42;42%;;102%;6;ECL;Materials;Chemicals;Specialty Chemicals;9%;3%;5,1;4,55%;5,03%;8,39%;;-0,37%;4,25%;9,12%;4,62%;1,46%;;;;;;;;;;;;;;
Emerson Electric ;;O;111;2,10;1,89%;51;46%;60;3,50%;-15;-14%;95;2,20%;B+;77;117;36;3,36;33;62%;;39%;6;EMR;Industrials;Electrical Equipment;Electrical Components & Equipment;5%;-14%;7,2;1,32%;1,40%;2,41%;91,85%;45,91%;23,55%;-3,33%;-2,72%;-4,75%;;;;;;;;;;;;;;
Entergy Corp;;R;107;4,52;4,38%;24;23%;79;5,70%;93;91%;197;2,30%;B+;87;114;69;9,97;15;65%;;179%;5;ETR;Utilities;Electric Utilities;Electric Utilities;4%;-1%;3,0;5,08%;3,93%;2,72%;17,17%;19,11%;10,77%;6,30%;1,99%;0,65%;;;;;;;;;;;;;;
Enterprise Products Partners;;U;28;2,06;7,34%;3;9%;25;8,10%;11;39%;39;5,30%;A-;25;30;13;2,55;11;81%;;;6;EPD;Energy;Oil, Gas & Consumable Fuels;Oil & Gas Storage & Transportation;12%;6%;0,8;3,61%;2,92%;3,90%;13,80%;5,70%;5,98%;22,27%;6,35%;0,41%;;;;;;;;;;;;;;
Equity LifeStyle Properties;g;U;61;1,91;3,12%;3;6%;58;3,30%;34;56%;96;2,00%;A+;60;74;;2,91;21;66%;;246%;6;ELS;Real Estate;Residential REITs;Single-Family Residential REITs;9%;3%;3,3;9,32%;10,23%;13,60%;10,58%;7,27%;10,20%;8,23%;7,72%;7,01%;;;;;;;;;;;;;;
Erie Indemnity Company;;O;368;5,10;1,39%;211;57%;157;3,25%;-4;-1%;364;1,40%;A-;199;420;32;9,26;40;55%;;0%;5;ERIE;Financials;Insurance;Property & Casualty Insurance;26%;1%;2,8;7,23%;7,21%;7,22%;14,99%;9,13%;10,72%;8,79%;6,56%;9,69%;;;;;;;;;;;;;;
Essential Utilities;;U;36;1,23;3,42%;-10;-29%;46;2,65%;34;95%;70;1,75%;A;32;43;22;2,08;17;59%;;120%;6;WTRG;Utilities;Water Utilities;Water Utilities;4%;-4%;3,8;7,00%;6,99%;7,36%;18,42%;11,49%;4,05%;11,98%;19,63%;10,42%;;;;;;;;;;;;;;
Essex Property Trust, Inc.;;D;253;9,80;3,87%;100;39%;153;6,40%;155;61%;408;2,40%;A-;204;269;84;16,03;16;61%;;114%;6;ESS;Real Estate;Residential REITs;Multi-Family Residential REITs;5%;1%;10,6;3,60%;4,43%;6,68%;-10,07%;1,38%;4,58%;3,73%;3,58%;10,58%;;;;;;;;;;;;;;
Evergy Inc.;;D;53;2,57;4,89%;20;39%;32;8,00%;43;81%;95;2,70%;A-;47;62;42;3,09;17;83%;;136%;6;EVRG;Utilities;Electric Utilities;Electric Utilities;4%;-1%;2,8;6,55%;7,41%;6,19%;5,24%;4,86%;3,40%;3,88%;5,20%;8,80%;;;;;;;;;;;;;;
Eversource Energy;;U;57;2,86;5,04%;-18;-33%;75;3,80%;68;119%;124;2,30%;A-;52;75;41;-1,18;-48;-242%;X;189%;6;ES;Utilities;Electric Utilities;Electric Utilities;4%;-5%;3,9;16,62%;5,97%;6,27%;;;;10,18%;7,11%;5,02%;;;;;;;;;;;;;;
Expeditors Int'l of Washington;;R;118;1,46;1,24%;32;27%;86;1,70%;91;77%;209;0,70%;A+;107;131;17;4,72;25;31%;;0%;6;EXPD;Industrials;Air Freight & Logistics;Air Freight & Logistics;29%;6%;2,0;9,89%;8,92%;8,69%;7,17%;7,56%;11,55%;-1,00%;2,70%;4,34%;;;;;;;;;;;;;;
Extra Space Storage Inc;G;U;138;6,48;4,68%;-1;-1%;139;4,65%;89;64%;227;2,85%;A;101;165;68;7,45;19;64%;;77%;6;EXR;Real Estate;Specialized REITs;Self Storage REITs;6%;-32%;12,7;21,64%;14,04%;16,15%;8,51%;7,71%;11,97%;23,59%;16,43%;17,27%;;;;;;;;;;;;;;
Farmers National Banc ;G;U;12;0,68;5,70%;-13;-107%;25;2,75%;38;322%;50;1,35%;A;10;15;11;1,45;8;47%;;110%;6;FMNB;Financials;Banks;Regional Banks;;;;15,62%;17,78%;18,94%;-3,28%;2,77%;12,49%;10,72%;11,55%;13,69%;;;;;;;;;;;;;;
Fastenal Company;G;D;64;1,56;2,42%;16;24%;49;3,20%;16;24%;80;1,95%;A+;53;79;6;2,02;32;77%;;8%;6;FAST;Industrials;Trading Companies & Distributors;Trading Companies & Distributors;29%;3%;2,8;11,87%;12,70%;13,35%;10,68%;9,05%;10,34%;9,17%;8,15%;8,25%;;;;;;;;;;;;;;
Federal REIT;;D;98;4,36;4,46%;37;38%;61;7,20%;100;103%;198;2,20%;B+;86;108;34;6,60;15;66%;;155%;5;FRT;Real Estate;Retail REITs;Retail REITs;5%;3%;15,8;0,94%;1,44%;3,69%;20,01%;-2,51%;1,30%;10,66%;4,34%;5,91%;;;;;;;;;;;;;;
Fifth Third Bancorp;g;U;36;1,40;3,86%;1;3%;35;4,00%;30;84%;67;2,10%;A-;22;39;25;3,22;11;43%;;99%;5;FITB;Financials;Banks;Diversified Banks;6%;3%;1,1;7,99%;12,94%;11,21%;20,73%;1,02%;4,77%;4,88%;6,59%;3,18%;;;;;;;;;;;;;;
First Merchants Corp;g;U;32;1,40;4,35%;-22;-67%;54;2,60%;61;190%;93;1,50%;A;26;38;37;3,46;9;40%;;39%;5;FRME;Financials;Banks;Regional Banks;7%;-3%;0,8;8,82%;9,79%;20,36%;10,83%;2,98%;10,22%;9,78%;9,41%;11,96%;;;;;;;;;;;;;;
Flowers Foods Inc;;U;23;0,96;4,26%;1;3%;22;4,40%;37;166%;60;1,60%;B+;20;26;6;0,59;38;162%;X;79%;5;FLO;Consumer Staples;Food Products;Packaged Foods & Meats;9%;6%;1,5;4,83%;5,09%;8,39%;-6,95%;-4,76%;-6,11%;5,08%;5,20%;3,15%;;;;;;;;;;;;;;
Franklin Electric Company, Inc;G;R;96;1,00;1,04%;37;39%;59;1,70%;58;60%;154;0,65%;A;83;108;26;4,02;24;25%;;8%;5;FELE;Industrials;Machinery;Industrial Machinery & Supplies & Components;12%;5%;2,1;13,23%;14,00%;11,43%;24,30%;13,01%;9,36%;18,30%;9,73%;7,90%;;;;;;;;;;;;;;
Fulton Financial;;U;16;0,68;4,15%;-4;-22%;20;3,40%;15;89%;31;2,20%;A;11;18;16;1,61;10;42%;;59%;6;FULT;Financials;Banks;Regional Banks;7%;2%;0,9;7,17%;5,92%;7,18%;14,94%;6,81%;7,05%;8,01%;5,55%;4,23%;;;;;;;;;;;;;;
GATX Corp;;O;133;2,32;1,74%;84;63%;49;4,75%;-14;-11%;119;1,95%;B+;97;141;64;7,15;19;32%;;326%;5;GATX;Industrials;Trading Companies & Distributors;Trading Companies & Distributors;3%;-6%;-2,0;4,64%;4,56%;5,90%;18,58%;5,22%;7,09%;5,28%;3,73%;0,66%;;;;;;;;;;;;;;
General Dynamics;;R;293;5,68;1,94%;131;45%;162;3,50%;62;21%;355;1,60%;A+;202;301;78;12,26;24;46%;;43%;6;GD;Industrials;Aerospace & Defense;Aerospace & Defense;8%;3%;2,0;6,27%;7,26%;8,95%;3,00%;1,46%;6,07%;3,68%;3,15%;3,17%;;;;;;;;;;;;;;
General Mills;;D;66;2,36;3,55%;10;15%;56;4,20%;30;45%;96;2,45%;A;60;86;18;4,36;15;54%;;112%;6;GIS;Consumer Staples;Food Products;Packaged Foods & Meats;10%;2%;1,1;3,29%;1,96%;5,05%;6,58%;3,44%;4,44%;4,46%;5,01%;1,23%;;;;;;;;;;;;;;
Genuine Parts;;D;139;4,00;2,87%;23;17%;116;3,45%;31;22%;170;2,35%;A-;126;171;32;8,97;16;45%;;89%;6;GPC;Consumer Discretionary;Distributors;Distributors;9%;1%;1,8;6,34%;5,70%;5,86%;;11,15%;7,81%;11,77%;6,53%;5,07%;;;;;;;;;;;;;;
German American Bancorp;;U;31;1,08;3,45%;-12;-38%;43;2,50%;46;146%;77;1,40%;A;25;35;22;2,84;11;38%;;19%;6;GABC;Financials;Banks;Regional Banks;9%;2%;0,8;9,58%;10,76%;9,60%;7,54%;7,90%;8,23%;6,13%;10,57%;10,53%;;;;;;;;;;;;;;
Getty Realty Corp;;U;27;1,80;6,76%;-3;-13%;30;6,00%;20;73%;46;3,90%;A-;26;36;18;2,09;13;86%;;79%;6;GTY;Real Estate;Retail REITs;Retail REITs;5%;-7%;2,2;5,07%;5,84%;8,08%;-10,79%;-0,34%;-5,75%;8,05%;6,43%;6,10%;;;;;;;;;;;;;;
Glacier Bancorp, Inc.;;U;36;1,32;3,67%;-2;-5%;38;3,50%;34;93%;69;1,90%;A-;27;44;27;1,75;21;76%;;98%;6;GBCI;Financials;Banks;Regional Banks;6%;-2%;1,9;3,81%;5,50%;8,20%;-10,57%;-1,52%;4,37%;1,15%;7,74%;9,51%;;;;;;;;;;;;;;
Globe Life Inc;;R;82;0,96;1,17%;9;10%;74;1,30%;65;79%;148;0,65%;A;39;132;48;10,47;8;9%;;47%;6;GL;Financials;Insurance;Life & Health Insurance;15%;3%;0,6;6,27%;7,06%;7,10%;13,87%;10,58%;10,27%;4,76%;4,77%;4,54%;;;;;;;;;;;;;;
Graco Inc;G;D;79;1,02;1,30%;23;30%;55;1,85%;29;37%;107;0,95%;A;70;95;13;2,90;27;35%;;1%;6;GGG;Industrials;Machinery;Industrial Machinery & Supplies & Components;23%;4%;2,2;10,33%;12,14%;10,92%;15,26%;8,34%;10,13%;9,99%;5,84%;7,12%;;;;;;;;;;;;;;
Grainger, WW;;O;911;8,20;0,90%;637;70%;273;3,00%;-255;-28%;656;1,25%;A;642;1034;63;36,50;25;22%;;74%;6;GWW;Industrials;Trading Companies & Distributors;Trading Companies & Distributors;26%;3%;2,0;7,11%;6,37%;7,36%;41,38%;21,42%;12,53%;11,78%;7,99%;5,73%;;;;;;;;;;;;;;
GSK plc;;O;44;1,48;3,34%;21;47%;24;6,30%;-11;-24%;34;4,40%;NR;33;46;8;2,18;20;68%;;126%;5;GSK;Health Care;Pharmaceuticals;Pharmaceuticals;18%;3%;0,7;-17,97%;-12,24%;-7,47%;-6,58%;4,18%;-3,64%;6,48%;-1,70%;-0,94%;;;;;;;;;;;;;;
Hawkins Inc;;O;85;0,64;0,75%;63;73%;23;2,80%;-43;-50%;43;1,50%;B+;45;90;20;3,59;24;18%;;24%;5;HWKN;Materials;Chemicals;Commodity Chemicals;11%;1%;2,8;10,16%;13,13%;5,76%;22,98%;25,79%;15,43%;15,48%;10,56%;10,19%;;;;;;;;;;;;;;
HEICO Corp;g;O;213;0,20;0,09%;184;87%;29;0,70%;-13;-6%;200;0,10%;A-;154;219;23;3,06;70;7%;;79%;6;HEI;Industrials;Aerospace & Defense;Aerospace & Defense;11%;-5%;7,1;7,72%;11,51%;14,15%;8,31%;8,90%;14,02%;18,43%;10,80%;11,40%;;;;;;;;;;;;;;
Henry (Jack);g;U;162;2,20;1,36%;15;9%;147;1,50%;97;60%;259;0,85%;A;137;178;22;5,18;31;42%;;17%;6;JKHY;Financials;Financial Services;Transaction & Payment Processing Services;16%;2%;2,5;6,76%;8,23%;13,69%;9,15%;1,33%;9,97%;6,98%;7,15%;6,49%;;;;;;;;;;;;;;
Hershey Company;;U;194;5,48;2,83%;-26;-13%;219;2,50%;139;72%;332;1,65%;A+;179;263;20;10,09;19;54%;;117%;6;HSY;Consumer Staples;Food Products;Packaged Foods & Meats;22%;2%;1,1;12,21%;10,09%;9,43%;14,03%;10,18%;9,64%;11,06%;7,46%;4,56%;;;;;;;;;;;;;;
HNI Corporation;;R;44;1,32;2,97%;22;49%;23;5,80%;29;65%;73;1,80%;B+;25;48;16;1,34;33;98%;;57%;5;HNI;Industrials;Commercial Services & Supplies;Office Services & Supplies;6%;-8%;3,4;1,61%;1,81%;2,92%;3,61%;-12,37%;-2,40%;7,57%;1,51%;1,68%;;;;;;;;;;;;;;
Home Depot;G;U;326;9,00;2,76%;21;6%;305;2,95%;188;58%;514;1,75%;A+;274;397;1;14,91;22;60%;;4225%;6;HD;Consumer Discretionary;Specialty Retail;Home Improvement Retail;27%;4%;2,2;11,69%;15,20%;18,28%;8,17%;9,20%;14,92%;4,94%;7,13%;6,84%;;;;;;;;;;;;;;
Honeywell Int'l Inc.;;R;197;4,32;2,19%;24;12%;173;2,50%;73;37%;270;1,60%;B+;175;211;24;8,63;23;50%;;129%;6;HON;Industrials;Industrial Conglomerates;Industrial Conglomerates;11%;3%;1,7;4,73%;6,42%;9,52%;8,02%;-1,16%;5,58%;3,95%;-2,59%;-0,63%;;;;;;;;;;;;;;
Hormel Foods;g;U;34;1,13;3,31%;-12;-35%;46;2,45%;37;107%;71;1,60%;A;29;42;14;1,45;24;78%;;43%;6;HRL;Consumer Staples;Food Products;Packaged Foods & Meats;7%;1%;1,9;5,76%;7,96%;12,46%;-4,41%;-4,86%;4,05%;8,02%;4,87%;3,30%;;;;;;;;;;;;;;
Hubbell Cl B;;O;389;4,88;1,25%;248;64%;141;3,45%;-94;-24%;296;1,65%;A-;248;430;54;13,41;29;36%;;74%;5;HUBB;Industrials;Electrical Equipment;Electrical Components & Equipment;15%;-2%;2,9;7,27%;7,77%;9,49%;29,76%;16,53%;9,89%;13,42%;3,69%;5,37%;;;;;;;;;;;;;;
Humana Inc;G;U;345;3,54;1,03%;-9;-3%;354;1,00%;363;105%;708;0,50%;B+;299;531;133;19,83;17;18%;;72%;6;HUM;Health Care;Health Care Providers & Services;Managed Health Care;9%;2%;1,2;12,29%;12,10%;12,71%;-7,55%;10,46%;9,97%;11,30%;13,33%;9,92%;;;;;;;;;;;;;;
Huntington Bancshares Inc;g;U;13;0,62;4,60%;1;4%;13;4,80%;16;119%;30;2,10%;B+;9;14;12;1,11;12;56%;;64%;5;HBAN;Financials;Banks;Regional Banks;7%;2%;1,0;1,10%;4,40%;12,55%;21,58%;0,66%;5,59%;15,19%;10,29%;10,48%;;;;;;;;;;;;;;
IDACORP, Inc;;U;92;3,32;3,59%;-2;-3%;95;3,50%;55;60%;148;2,25%;A;86;107;57;4,99;19;67%;;97%;6;IDA;Utilities;Electric Utilities;Electric Utilities;4%;-4%;4,1;5,57%;5,92%;7,38%;3,10%;2,74%;3,51%;9,35%;5,20%;3,55%;;;;;;;;;;;;;;
IDEX Corporation;g;D;207;2,76;1,33%;62;30%;145;1,90%;83;40%;291;0,95%;A;184;246;47;7,61;27;36%;;37%;6;IEX;Industrials;Machinery;Industrial Machinery & Supplies & Components;11%;2%;2,6;8,01%;8,71%;10,97%;16,69%;8,21%;9,77%;11,66%;5,68%;4,93%;;;;;;;;;;;;;;
Illinois Tool Works;g;D;235;5,60;2,38%;48;21%;187;3,00%;52;22%;287;1,95%;A;217;271;10;10,14;23;55%;;271%;6;ITW;Industrials;Machinery;Industrial Machinery & Supplies & Components;17%;4%;2,1;7,04%;8,77%;12,98%;13,68%;5,09%;10,04%;8,60%;1,75%;1,31%;;;;;;;;;;;;;;
Imperial Oil Ltd;G;U;69;1,75;2,53%;-9;-13%;78;2,25%;150;216%;219;0,80%;A-;45;75;41;6,28;11;28%;;16%;6;IMO;Energy;Oil, Gas & Consumable Fuels;Integrated Oil & Gas;15%;21%;0,8;29,81%;20,59%;11,68%;;23,29%;6,91%;32,62%;6,84%;1,64%;;;;;;;;;;;;;;
Intel Corp;;O;30;0,50;1,66%;14;46%;16;3,10%;-5;-17%;25;2,00%;B+;29;51;25;0,95;32;52%;;47%;6;INTC;Information Technology;Semiconductors & Semiconductor Equipment;Semiconductors;0%;-9%;-4,5;-17,54%;-9,22%;-1,94%;-56,74%;-38,32%;-14,38%;-11,36%;-5,21%;0,28%;;;;;;;;;;;;;;
International Bancshares Corp;g;D;56;1,32;2,36%;15;26%;41;3,20%;10;18%;66;2,00%;A-;42;61;39;6,54;9;20%;;5%;6;IBOC;Financials;Banks;Regional Banks;14%;4%;0,7;4,63%;10,93%;11,35%;36,20%;15,36%;13,41%;15,67%;7,59%;5,28%;;;;;;;;;;;;;;
J.B. Hunt Transport Services;G;D;155;1,72;1,11%;32;21%;123;1,40%;91;59%;246;0,70%;A+;155;220;40;6,31;25;27%;;38%;6;JBHT;Industrials;Ground Transportation;Cargo Ground Transportation;10%;-1%;2,8;15,87%;11,84%;10,84%;13,72%;9,49%;9,28%;10,01%;8,29%;8,67%;;;;;;;;;;;;;;
John B Sanfilippo & Son;;D;98;0,80;0,81%;29;29%;70;1,15%;25;25%;123;0,65%;A-;90;126;25;5,56;18;14%;;3%;6;JBSS;Consumer Staples;Food Products;Packaged Foods & Meats;17%;1%;1,2;7,72%;8,45%;;4,81%;13,71%;10,55%;4,34%;2,38%;3,13%;;;;;;;;;;;;;;
Johnson & Johnson;;U;144;4,96;3,43%;14;10%;131;3,80%;71;49%;216;2,30%;B+;143;176;29;6,69;22;74%;;43%;6;JNJ;Health Care;Pharmaceuticals;Pharmaceuticals;13%;13%;1,2;5,70%;5,83%;6,14%;35,54%;19,59%;11,05%;1,03%;0,86%;1,79%;;;;;;;;;;;;;;
JP Morgan Chase;g;O;198;4,60;2,32%;70;36%;128;3,60%;2;1%;200;2,30%;A;134;206;104;16,23;12;28%;;133%;6;JPM;Financials;Banks;Diversified Banks;15%;4%;0,9;4,43%;8,55%;11,03%;22,26%;12,52%;14,10%;8,93%;7,33%;4,76%;;;;;;;;;;;;;;
Kellanova;;U;60;2,24;3,76%;2;4%;57;3,90%;36;60%;95;2,35%;A-;48;64;9;2,15;28;104%;X;185%;5;K;Consumer Staples;Food Products;Packaged Foods & Meats;9%;12%;1,3;0,87%;1,24%;2,66%;-8,73%;-6,34%;-5,66%;-1,59%;-0,64%;-1,19%;;;;;;;;;;;;;;
Kimberly-Clark;;U;128;4,88;3,81%;6;5%;122;4,00%;53;41%;181;2,70%;B+;116;140;3;5,45;24;90%;;873%;5;KMB;Consumer Staples;Household Products;Household Products;13%;7%;1,4;3,32%;3,37%;3,83%;-8,81%;5,27%;-0,59%;2,20%;2,02%;0,44%;;;;;;;;;;;;;;
L3 Harris Technologies;G;R;215;4,64;2,16%;61;28%;155;3,00%;448;208%;663;0,70%;A-;160;226;99;6,16;35;75%;;70%;6;LHX;Industrials;Aerospace & Defense;Aerospace & Defense;6%;-6%;1,7;10,28%;10,72%;10,50%;7,46%;-3,91%;2,67%;2,20%;23,35%;14,50%;;;;;;;;;;;;;;
Lancaster Colony Corp;;R;181;3,60;1,99%;31;17%;150;2,40%;107;59%;288;1,25%;B+;159;215;31;4,83;38;75%;;0%;5;LANC;Consumer Staples;Food Products;Packaged Foods & Meats;15%;4%;2,1;6,80%;7,35%;8,22%;-6,67%;-3,86%;0,12%;10,95%;8,31%;6,04%;;;;;;;;;;;;;;
La-Z-Boy Incorporated;g;R;36;0,80;2,23%;8;23%;28;2,90%;71;197%;107;0,75%;A;25;40;22;2,71;13;30%;;0%;6;LZB;Consumer Discretionary;Household Durables;Home Furnishings;8%;5%;1,3;8,67%;8,54%;24,10%;27,98%;15,82%;15,14%;11,30%;8,20%;6,31%;;;;;;;;;;;;;;
Leggett & Platt Inc;;O;10;0,20;1,91%;6;57%;5;4,40%;-2;-20%;8;2,40%;B+;10;33;10;-1,16;-9;-17%;X;149%;6;LEG;Consumer Discretionary;Household Durables;Home Furnishings;5%;17%;0,9;4,39%;3,94%;4,43%;;;;3,35%;2,05%;3,11%;;;;;;;;;;;;;;
Lilly, Eli;;O;812;5,20;0,64%;608;75%;204;2,55%;-378;-47%;433;1,20%;B+;422;821;11;6,79;119;77%;;234%;5;LLY;Health Care;Pharmaceuticals;Pharmaceuticals;18%;0%;6,4;15,15%;14,97%;8,71%;-5,12%;13,13%;2,99%;11,62%;9,69%;3,97%;;;;;;;;;;;;;;
Lincoln Electric Hldgs;g;O;196;2,84;1,45%;99;50%;98;2,90%;6;3%;203;1,40%;A-;164;261;23;9,42;21;30%;;84%;5;LECO;Industrials;Machinery;Industrial Machinery & Supplies & Components;19%;5%;1,8;9,93%;9,91%;12,22%;39,93%;16,48%;10,22%;16,44%;6,72%;3,92%;;;;;;;;;;;;;;
Linde plc;;O;426;5,56;1,30%;179;42%;247;2,25%;2;0%;428;1,30%;A;351;478;82;12,89;33;43%;;49%;6;LIN;Materials;Chemicals;Industrial Gases;9%;2%;3,6;9,81%;9,10%;7,83%;38,78%;-0,81%;7,93%;6,44%;17,23%;10,67%;;;;;;;;;;;;;;
Lockheed Martin;;D;453;12,60;2,78%;145;32%;307;4,10%;120;27%;573;2,20%;A;394;480;28;27,35;17;46%;;255%;6;LMT;Industrials;Aerospace & Defense;Aerospace & Defense;14%;3%;1,3;7,43%;8,18%;9,78%;4,27%;9,39%;11,68%;1,10%;4,68%;4,07%;;;;;;;;;;;;;;
Lowe's Cos;G;U;214;4,40;2,05%;-6;-3%;220;2,00%;152;71%;367;1,20%;A;182;262;-26;12,45;17;35%;;-239%;6;LOW;Consumer Discretionary;Specialty Retail;Home Improvement Retail;22%;5%;1,7;23,67%;18,65%;20,04%;19,42%;35,97%;19,95%;-1,21%;3,91%;4,92%;;;;;;;;;;;;;;
M&T Bank;;U;146;5,40;3,71%;-41;-28%;186;2,90%;172;118%;318;1,70%;A-;109;157;150;14,79;10;36%;;49%;5;MTB;Financials;Banks;Regional Banks;9%;3%;0,9;5,73%;7,93%;6,39%;16,68%;4,39%;6,77%;16,43%;9,65%;7,51%;;;;;;;;;;;;;;
Magna International Inc;g;U;44;1,90;4,30%;-10;-23%;54;3,50%;51;115%;95;2,00%;A-;45;65;41;3,53;12;54%;;46%;6;MGA;Consumer Discretionary;Automobile Components;Automotive Parts & Equipment;8%;-4%;1,1;4,77%;6,87%;11,14%;18,84%;-8,54%;2,27%;9,44%;0,95%;2,08%;;;;;;;;;;;;;;
Marsh & McLennan Co;G;O;202;2,84;1,41%;142;70%;60;4,70%;-35;-17%;167;1,70%;A;171;212;25;7,87;26;36%;;110%;6;MMC;Financials;Insurance;Insurance Brokers;13%;3%;2,2;12,22%;10,47%;10,48%;24,10%;18,45%;11,97%;9,70%;8,75%;6,37%;;;;;;;;;;;;;;
Martin Marietta Materials;;O;564;2,96;0,52%;366;65%;197;1,50%;-141;-25%;423;0,70%;A;390;627;130;34,02;17;9%;;54%;6;MLM;Materials;Construction Materials;Construction Materials;10%;6%;2,8;7,72%;8,76%;5,76%;17,71%;20,43%;21,84%;12,74%;9,81%;12,14%;;;;;;;;;;;;;;
McCormick & Co.;;U;70;1,68;2,39%;-6;-9%;76;2,20%;70;99%;140;1,20%;A-;59;94;19;2,62;27;64%;;87%;6;MKC;Consumer Staples;Food Products;Packaged Foods & Meats;7%;4%;2,3;7,95%;8,45%;8,66%;-3,22%;-6,36%;5,65%;5,95%;4,67%;4,91%;;;;;;;;;;;;;;
McDonalds Corp;;D;249;6,68;2,68%;64;26%;186;3,60%;69;28%;318;2,10%;A;246;302;-7;11,77;21;57%;;-836%;6;MCD;Consumer Discretionary;Hotels, Restaurants & Leisure;Restaurants;20%;3%;1,6;7,32%;8,26%;7,16%;22,36%;8,92%;7,61%;9,90%;3,70%;-0,97%;;;;;;;;;;;;;;
MDU Resources Group, Inc;;O;25;0,50;2,02%;14;58%;10;4,85%;0;1%;25;2,00%;A-;18;26;14;2,44;10;21%;;82%;5;MDU;Industrials;Construction & Engineering;Construction & Engineering;5%;29%;1,5;-5,93%;-2,65%;0,00%;1,35%;7,87%;3,28%;-5,58%;0,55%;1,74%;;;;;;;;;;;;;;
Medtronic Plc;g;U;81;2,80;3,44%;-12;-15%;93;3,00%;83;102%;165;1,70%;B+;69;91;38;2,76;29;101%;X;50%;5;MDT;Health Care;Health Care Equipment & Supplies;Health Care Equipment;6%;5%;1,8;5,96%;6,65%;9,44%;1,24%;-4,14%;-0,90%;2,43%;1,16%;6,65%;;;;;;;;;;;;;;
MetLife, Inc;;D;70;2,18;3,09%;28;39%;43;5,10%;13;19%;84;2,60%;B+;49;75;41;2,91;24;75%;;63%;5;MET;Financials;Insurance;Life & Health Insurance;3%;-7%;1,7;4,22%;4,41%;7,39%;-31,70%;-18,09%;-4,64%;-0,18%;-0,46%;-0,27%;;;;;;;;;;;;;;
MGE Energy;;D;77;1,71;2,23%;44;58%;32;5,30%;18;24%;95;1,80%;A;62;83;32;3,33;23;51%;;67%;6;MGEE;Utilities;Electric Utilities;Electric Utilities;5%;0%;2,5;4,94%;4,82%;4,55%;7,72%;5,99%;4,17%;8,63%;4,29%;1,57%;;;;;;;;;;;;;;
Mid-America Apartment ;;U;129;5,88;4,57%;-2;-1%;131;4,50%;85;66%;214;2,75%;B+;116;158;52;9,48;14;61%;;74%;5;MAA;Real Estate;Residential REITs;Multi-Family Residential REITs;6%;2%;3,2;11,87%;8,70%;7,25%;29,08%;19,53%;7,67%;8,59%;6,46%;12,95%;;;;;;;;;;;;;;
Middlesex Water Co.;;D;49;1,30;2,63%;20;40%;30;4,40%;37;75%;87;1,50%;A;45;84;24;2,02;24;64%;;96%;6;MSEX;Utilities;Water Utilities;Water Utilities;4%;-7%;7,9;6,63%;6,74%;5,31%;-6,89%;-2,13%;5,50%;5,50%;3,79%;3,77%;;;;;;;;;;;;;;
Moody's Corp;G;D;400;3,40;0,85%;148;37%;252;1,35%;167;42%;567;0,60%;A-;299;418;18;9,24;43;37%;;211%;6;MCO;Financials;Capital Markets;Financial Exchanges & Data;18%;3%;4,4;11,20%;11,84%;13,09%;-2,40%;5,31%;9,26%;3,27%;5,89%;7,13%;;;;;;;;;;;;;;
Morgan Stanley;G;U;97;3,40;3,50%;1;2%;96;3,55%;137;141%;234;1,45%;A;69;103;55;5,49;18;62%;;279%;6;MS;Financials;Capital Markets;Investment Banking & Brokerage;9%;6%;1,6;32,41%;24,19%;32,16%;-7,10%;1,83%;14,31%;3,40%;6,08%;5,11%;;;;;;;;;;;;;;
National Retail Properties, Inc;;R;40;2,26;5,61%;11;28%;29;7,75%;28;70%;68;3,30%;A-;34;45;23;3,36;12;67%;;105%;6;NNN;Real Estate;Retail REITs;Retail REITs;8%;4%;1,5;2,51%;2,72%;3,38%;20,98%;5,53%;6,98%;7,82%;5,87%;7,72%;;;;;;;;;;;;;;
NBT Bancorp Inc;;U;36;1,28;3,57%;2;5%;34;3,75%;22;62%;58;2,20%;A-;30;44;30;2,60;14;49%;;38%;6;NBTB;Financials;Banks;Regional Banks;8%;-7%;0,9;4,71%;4,61%;4,35%;3,79%;0,69%;6,14%;4,12%;3,97%;4,34%;;;;;;;;;;;;;;
New Jersey Res;;U;42;1,68;4,02%;-6;-15%;48;3,50%;38;91%;80;2,10%;B+;39;51;20;2,51;17;67%;;158%;5;NJR;Utilities;Gas Utilities;Gas Utilities;5%;1%;2,1;7,78%;7,45%;6,98%;16,59%;0,52%;7,06%;0,16%;-7,60%;-4,76%;;;;;;;;;;;;;;
NewMarket Corporation;;D;524;10,00;1,91%;154;29%;370;2,70%;166;32%;690;1,45%;A-;389;650;112;41,58;13;24%;;60%;6;NEU;Materials;Chemicals;Specialty Chemicals;19%;-4%;1,1;5,21%;4,80%;8,82%;17,96%;14,73%;7,35%;10,30%;3,34%;1,70%;;;;;;;;;;;;;;
NextEra Energy, Inc.;G;D;77;2,06;2,69%;29;38%;48;4,30%;9;12%;86;2,40%;A-;47;78;23;3,67;21;56%;;154%;6;NEE;Utilities;Electric Utilities;Electric Utilities;4%;-4%;12,0;10,13%;11,00%;10,98%;34,49%;0,74%;12,41%;16,03%;10,94%;6,39%;;;;;;;;;;;;;;
Nike Inc Cl B;G;D;92;1,48;1,61%;14;15%;78;1,90%;93;102%;185;0,80%;B+;89;123;9;3,40;27;44%;;64%;6;NKE;Consumer Discretionary;Textiles, Apparel & Luxury Goods;Footwear;21%;3%;2,9;11,53%;11,18%;12,58%;26,38%;22,52%;9,12%;11,05%;7,07%;7,30%;;;;;;;;;;;;;;
Nordson Corp;G;D;230;2,72;1,18%;154;67%;76;3,60%;110;48%;340;0,80%;A-;209;279;46;8,40;27;32%;;67%;6;NDSN;Industrials;Machinery;Industrial Machinery & Supplies & Components;11%;-3%;2,7;19,79%;16,04%;15,36%;25,60%;5,74%;9,48%;7,41%;3,12%;5,47%;;;;;;;;;;;;;;
Norfolk Southern;G;D;219;5,40;2,47%;73;33%;146;3,70%;118;54%;338;1,60%;A-;183;264;57;6,22;35;87%;;134%;6;NSC;Industrials;Ground Transportation;Rail Transportation;8%;1%;2,9;12,82%;12,18%;10,22%;0,76%;-3,35%;2,88%;7,49%;1,19%;0,78%;;;;;;;;;;;;;;
Northern Trust;;U;82;3,00;3,67%;-7;-8%;88;3,40%;95;116%;176;1,70%;A-;62;89;54;4,52;18;66%;;113%;6;NTRS;Financials;Capital Markets;Asset Management & Custody Banks;6%;11%;1,8;2,33%;9,11%;9,33%;-2,38%;-5,22%;5,44%;3,55%;2,59%;5,26%;;;;;;;;;;;;;;
NorthropGrumman;g;D;446;8,24;1,85%;172;38%;275;3,00%;103;23%;549;1,50%;A;415;497;99;14,28;31;58%;;93%;6;NOC;Industrials;Aerospace & Defense;Aerospace & Defense;9%;5%;1,8;8,99%;9,33%;11,92%;-10,75%;-6,06%;4,94%;2,21%;5,48%;4,77%;;;;;;;;;;;;;;
Northwest Natural Holding;;U;35;1,95;5,51%;-17;-47%;52;3,75%;44;125%;80;2,45%;A-;35;45;34;2,27;16;86%;;130%;5;NWN;Utilities;Gas Utilities;Gas Utilities;3%;-5%;3,1;0,52%;0,52%;0,63%;1,05%;2,95%;1,46%;15,67%;11,14%;4,67%;;;;;;;;;;;;;;
Novartis AG;;D;99;3,74;3,76%;15;15%;84;4,45%;14;14%;113;3,30%;NR;89;109;23;4,41;23;85%;;53%;5;NVS;Health Care;Pharmaceuticals;Pharmaceuticals;11%;9%;1,6;4,26%;3,57%;3,30%;26,35%;5,70%;6,73%;-2,21%;0,24%;-1,21%;;;;;;;;;;;;;;
Nucor Corporation;;O;167;2,16;1,30%;118;71%;49;4,45%;-7;-4%;160;1,35%;B+;130;203;86;16,99;10;13%;;32%;5;NUE;Materials;Metals & Mining;Steel;18%;9%;0,9;8,68%;6,09%;3,46%;96,84%;19,39%;28,04%;19,90%;6,73%;6,18%;;;;;;;;;;;;;;
OGE Energy;;D;35;1,67;4,78%;11;33%;24;7,10%;45;128%;80;2,10%;B+;31;37;23;1,98;18;85%;;107%;5;OGE;Utilities;Electric Utilities;Electric Utilities;4%;1%;2,4;2,08%;4,09%;7,14%;;-0,48%;0,65%;8,01%;3,33%;-0,70%;;;;;;;;;;;;;;
Old National Bancorp;;U;16;0,56;3,41%;1;5%;16;3,60%;6;36%;22;2,50%;A-;12;18;18;1,85;9;30%;;90%;5;ONB;Financials;Banks;Regional Banks;9%;3%;0,8;0,00%;1,49%;3,42%;12,57%;9,72%;6,85%;30,03%;20,63%;13,86%;;;;;;;;;;;;;;
Omnicom Group;;R;91;2,80;3,07%;13;15%;78;3,60%;31;34%;122;2,30%;A+;72;99;18;7,40;12;38%;;156%;6;OMC;Communication Services;Media;Advertising;13%;0%;1,0;2,50%;3,13%;5,76%;16,50%;3,46%;6,42%;3,71%;-0,79%;0,07%;;;;;;;;;;;;;;
ONEOK, Inc;;R;80;3,96;4,98%;20;25%;60;6,60%;40;51%;120;3,30%;A-;56;83;28;4,30;19;92%;;131%;5;OKE;Energy;Oil, Gas & Consumable Fuels;Oil & Gas Storage & Transportation;9%;-22%;2,6;0,71%;3,32%;9,95%;56,85%;14,54%;15,74%;27,43%;7,02%;4,06%;;;;;;;;;;;;;;
Otter Tail Corporation;;O;88;1,87;2,12%;45;51%;43;4,30%;-7;-8%;81;2,30%;A;69;99;35;7,28;12;26%;;63%;5;OTTR;Utilities;Electric Utilities;Electric Utilities;11%;1%;1,0;5,74%;5,48%;3,93%;44,09%;27,72%;17,55%;14,87%;8,04%;6,14%;;;;;;;;;;;;;;
Oxford Industries, Inc;G;U;107;2,68;2,51%;-27;-25%;134;2,00%;161;151%;268;1,00%;B+;82;114;35;3,69;29;73%;;5%;5;OXM;Consumer Discretionary;Textiles, Apparel & Luxury Goods;Apparel, Accessories & Luxury Goods;10%;7%;1,1;37,51%;13,84%;13,70%;;-0,62%;3,34%;28,03%;7,25%;6,34%;;;;;;;;;;;;;;
Paccar Industries;;O;105;1,20;1,14%;65;62%;40;3,00%;-1;-1%;104;1,15%;A-;68;126;30;9,63;11;12%;;90%;6;PCAR;Industrials;Machinery;Construction Machinery & Heavy Transportation Equipment;37%;7%;0,8;6,82%;7,43%;6,91%;51,89%;16,06%;14,82%;23,32%;8,38%;7,45%;;;;;;;;;;;;;;
Parker-Hannifin;G;O;523;6,52;1,25%;290;55%;233;2,80%;20;4%;543;1,20%;A-;319;570;80;21,25;25;31%;;122%;6;PH;Industrials;Machinery;Industrial Machinery & Supplies & Components;11%;5%;3,3;15,83%;14,83%;12,40%;20,10%;15,42%;9,87%;11,66%;5,92%;3,89%;;;;;;;;;;;;;;
Paychex Inc;g;D;119;3,92;3,30%;28;23%;91;4,30%;38;32%;157;2,50%;A+;104;130;10;4,59;26;85%;;23%;6;PAYX;Industrials;Professional Services;Human Resource & Employment Services;46%;3%;2,2;9,54%;9,62%;17,50%;12,25%;9,35%;10,67%;7,41%;8,19%;7,97%;;;;;;;;;;;;;;
Pentair Plc;;O;78;0,92;1,17%;55;71%;23;4,00%;-32;-41%;46;2,00%;B+;55;86;19;3,77;21;24%;;62%;5;PNR;Industrials;Machinery;Industrial Machinery & Supplies & Components;11%;5%;2,2;5,01%;-3,47%;-0,87%;20,56%;13,86%;3,65%;10,80%;6,72%;-5,20%;;;;;;;;;;;;;;
Peoples Bancorp Inc;g;U;29;1,60;5,61%;-3;-12%;32;5,00%;29;100%;57;2,80%;A-;25;35;30;3,34;9;48%;;56%;5;PEBO;Financials;Banks;Regional Banks;13%;-9%;0,5;4,20%;6,71%;11,12%;25,75%;7,38%;7,75%;29,37%;18,52%;16,79%;;;;;;;;;;;;;;
PepsiCo Inc;;D;171;5,42;3,17%;27;16%;145;3,75%;33;20%;205;2,65%;A-;156;192;13;6,64;26;82%;;238%;5;PEP;Consumer Staples;Beverages;Soft Drinks & Non-alcoholic Beverages;11%;3%;1,7;7,12%;6,63%;8,24%;8,61%;-5,66%;4,27%;9,13%;7,18%;3,25%;;;;;;;;;;;;;;
Pfizer Inc;;U;28;1,68;6,04%;-11;-40%;39;4,30%;30;108%;58;2,90%;B+;25;40;16;-0,06;-458;-2764%;X;80%;5;PFE;Health Care;Pharmaceuticals;Pharmaceuticals;2%;-18%;3,5;2,57%;3,82%;5,50%;-39,00%;-27,68%;-19,38%;11,99%;7,46%;1,27%;;;;;;;;;;;;;;
Philip Morris Intl Inc.;;R;100;5,20;5,22%;13;13%;87;6,00%;51;51%;151;3,45%;B+;87;101;-7;5,11;19;102%;X;-427%;5;PM;Consumer Staples;Tobacco;Tobacco;20%;4%;1,3;2,74%;2,74%;3,68%;-0,91%;-0,24%;-0,47%;7,02%;3,49%;1,20%;;;;;;;;;;;;;;
Pinnacle West Capital;;D;76;3,52;4,65%;23;31%;53;6,70%;48;63%;124;2,85%;A-;65;86;54;4,58;17;77%;;146%;6;PNW;Utilities;Electric Utilities;Electric Utilities;3%;1%;-1,6;3,03%;4,25%;4,67%;-3,25%;-0,58%;1,88%;9,40%;4,93%;3,12%;;;;;;;;;;;;;;
PNC Fin'l Svcs Group;g;U;151;6,20;4,10%;-49;-32%;200;3,10%;159;105%;310;2,00%;A-;109;162;113;11,90;13;52%;;142%;6;PNC;Financials;Banks;Diversified Banks;8%;6%;1,0;9,86%;12,40%;13,50%;-8,98%;3,61%;5,68%;8,37%;5,85%;3,00%;;;;;;;;;;;;;;
Polaris Industries;;U;80;2,64;3,31%;2;3%;78;3,40%;75;94%;155;1,70%;B+;81;138;25;6,83;12;39%;;135%;5;PII;Consumer Discretionary;Leisure Products;Leisure Products;12%;5%;1,2;1,59%;1,61%;4,46%;63,58%;10,70%;4,99%;8,33%;8,01%;8,99%;;;;;;;;;;;;;;
PPG Industries, Inc;;D;127;2,60;2,04%;23;18%;104;2,50%;81;64%;208;1,25%;B+;120;153;33;5,93;21;44%;;77%;6;PPG;Materials;Chemicals;Specialty Chemicals;9%;5%;2,2;6,55%;6,43%;7,70%;6,33%;-0,44%;-7,06%;9,67%;3,48%;2,49%;;;;;;;;;;;;;;
Procter & Gamble Co;;O;162;4,03;2,49%;58;36%;103;3,90%;-1;0%;161;2,50%;A;141;169;19;6,12;26;66%;;74%;6;PG;Consumer Staples;Household Products;Household Products;14%;2%;1,8;6,72%;5,73%;4,87%;5,96%;9,96%;4,33%;4,95%;4,18%;0,23%;;;;;;;;;;;;;;
Pub Serv Enterp;;O;73;2,40;3,28%;20;27%;53;4,50%;7;9%;80;3,00%;B+;54;75;31;3,61;20;66%;;131%;5;PEG;Utilities;Multi-Utilities;Multi-Utilities;4%;-1%;5,1;5,17%;4,84%;4,70%;10,91%;12,63%;7,67%;5,38%;2,99%;1,21%;;;;;;;;;;;;;;
Public Storage;;U;264;12,00;4,55%;-3;-1%;267;4,50%;198;75%;462;2,60%;A-;233;312;32;16,91;16;71%;;91%;5;PSA;Real Estate;Specialized REITs;Self Storage REITs;13%;0%;2,4;14,47%;8,45%;8,83%;20,70%;5,31%;8,50%;15,72%;10,36%;8,68%;;;;;;;;;;;;;;
PulteGroup, Inc;G;O;113;0,80;0,71%;67;59%;46;1,75%;-24;-21%;89;0,90%;A;65;123;49;12,50;9;6%;;24%;6;PHM;Consumer Discretionary;Household Durables;Homebuilding;16%;6%;0,9;10,79%;12,34%;16,32%;31,28%;26,98%;5,72%;13,32%;9,53%;10,96%;;;;;;;;;;;;;;
Raymond James Fncl;G;R;122;1,80;1,48%;27;22%;95;1,90%;42;34%;164;1,10%;A;90;131;49;8,27;15;22%;;31%;6;RJF;Financials;Capital Markets;Investment Banking & Brokerage;16%;4%;1,3;19,41%;18,03%;16,23%;27,12%;15,76%;16,57%;13,28%;9,81%;10,03%;;;;;;;;;;;;;;
Realty Income Corporation;;U;51;3,15;6,16%;3;7%;48;6,60%;44;87%;95;3,30%;B+;45;64;44;4,14;12;76%;;65%;6;O;Real Estate;Retail REITs;Retail REITs;3%;-21%;76,0;2,98%;3,00%;3,46%;3,39%;0,00%;1,74%;35,29%;25,16%;17,99%;;;;;;;;;;;;;;
Regal Rexnord;;O;144;1,40;0,98%;88;61%;56;2,50%;12;8%;156;0,90%;B+;97;184;96;-0,48;-297;-290%;X;101%;5;RRX;Industrials;Electrical Equipment;Electrical Components & Equipment;3%;7%;-6,5;5,27%;4,94%;5,89%;;;;29,07%;11,39%;7,28%;;;;;;;;;;;;;;
Regions Financial Corporation;G;U;19;0,96;5,15%;-7;-36%;25;3,80%;45;243%;64;1,50%;A-;14;21;17;2,10;9;46%;;13%;5;RF;Financials;Banks;Regional Banks;6%;11%;0,9;12,38%;13,85%;24,29%;27,00%;6,50%;10,90%;6,47%;5,63%;3,52%;;;;;;;;;;;;;;
Reliance, Inc;g;O;293;4,40;1,50%;151;51%;142;3,10%;-9;-3%;284;1,55%;A;229;342;135;21,41;14;21%;;15%;6;RS;Materials;Metals & Mining;Steel;10%;4%;1,5;16,96%;14,87%;9,87%;58,74%;20,94%;18,52%;18,88%;5,12%;4,85%;;;;;;;;;;;;;;
Renasant Corporation;;U;29;0,88;3,01%;-5;-16%;34;2,60%;26;88%;55;1,60%;B+;23;35;41;2,44;12;36%;;32%;6;RNST;Financials;Banks;Regional Banks;6%;0%;0,9;0,00%;1,92%;2,61%;20,04%;-1,71%;7,69%;-1,46%;3,17%;10,68%;;;;;;;;;;;;;;
RGC Resources, Inc;;U;20;0,80;4,00%;-1;-5%;21;3,80%;20;100%;40;2,00%;B+;15;23;10;1,30;15;61%;;140%;6;RGCO;Utilities;Gas Utilities;Gas Utilities;;;;4,50%;5,24%;5,15%;-4,28%;3,71%;6,51%;15,60%;8,26%;4,42%;;;;;;;;;;;;;;
Rio Tinto Group;;D;70;4,35;6,26%;37;53%;33;13,25%;10;14%;79;5,50%;NR;58;75;34;6,16;11;71%;;24%;5;RIO;Materials;Metals & Mining;Diversified Metals & Mining;9%;10%;0,8;1,36%;5,48%;8,63%;0,92%;-4,78%;12,07%;6,60%;5,93%;0,55%;;;;;;;;;;;;;;
Robert Half International;G;U;65;2,12;3,28%;-24;-37%;88;2,40%;87;135%;151;1,40%;A-;65;88;15;3,34;19;63%;;0%;6;RHI;Industrials;Professional Services;Human Resource & Employment Services;19%;6%;2,2;12,18%;11,38%;11,61%;12,85%;1,68%;7,80%;7,76%;1,96%;4,18%;;;;;;;;;;;;;;
Rockwell Automation;;D;255;5,00;1,96%;130;51%;125;4,00%;78;31%;333;1,50%;B+;252;349;31;10,23;25;49%;;83%;6;ROK;Industrials;Electrical Equipment;Electrical Components & Equipment;13%;1%;3,1;4,98%;6,10%;9,08%;10,86%;23,20%;8,35%;12,69%;6,32%;3,61%;;;;;;;;;;;;;;
Rollins Inc;G;D;45;0,60;1,32%;14;30%;32;1,90%;25;56%;71;0,85%;A;32;48;2;0,90;50;66%;;42%;6;ROL;Industrials;Commercial Services & Supplies;Environmental & Facilities Services;22%;0%;3,8;31,04%;16,76%;17,61%;18,12%;13,62%;13,59%;12,45%;11,03%;8,68%;;;;;;;;;;;;;;
Roper Technologies, Inc;g;D;531;3,00;0,57%;198;37%;333;0,90%;69;13%;600;0,50%;A;447;565;163;13,62;39;22%;;36%;6;ROP;Information Technology;Software;Application Software;6%;-3%;4,7;10,03%;10,48%;15,54%;12,80%;7,33%;9,15%;15,38%;3,54%;6,67%;;;;;;;;;;;;;;
Ross Stores, Inc.;g;R;139;1,47;1,06%;26;19%;113;1,30%;45;32%;184;0,80%;A-;101;151;15;5,56;25;26%;;51%;6;ROST;Consumer Discretionary;Specialty Retail;Apparel Retail;21%;3%;2,5;67,53%;8,29%;14,70%;185,07%;5,47%;11,10%;17,59%;6,34%;7,13%;;;;;;;;;;;;;;
Royal Bk Canada;;R;103;4,02;3,91%;26;26%;77;5,25%;29;28%;132;3,05%;A;78;107;77;7,88;13;51%;;369%;6;RY;Financials;Banks;Diversified Banks;12%;2%;1,1;7,43%;6,19%;4,78%;10,18%;3,67%;3,75%;5,96%;4,76%;3,37%;;;;;;;;;;;;;;
RPM International Inc;;D;109;1,84;1,69%;48;44%;61;3,00%;14;12%;123;1,50%;B+;79;121;17;4,34;25;42%;;125%;5;RPM;Materials;Chemicals;Specialty Chemicals;11%;6%;2,2;5,10%;5,67%;6,43%;16,71%;8,27%;17,53%;9,63%;6,40%;5,93%;;;;;;;;;;;;;;
S&P Global Inc;G;O;425;3,64;0,86%;355;84%;70;5,20%;-21;-5%;404;0,90%;NR;340;461;106;8,92;48;41%;;34%;5;SPGI;Financials;Capital Markets;Financial Exchanges & Data;7%;3%;4,9;10,34%;12,47%;12,39%;-5,20%;1,26%;5,30%;18,86%;14,83%;10,27%;;;;;;;;;;;;;;
Sealed Air Corporation;;R;37;0,80;2,18%;15;42%;21;3,75%;36;98%;73;1,10%;B+;29;47;4;2,48;15;32%;;852%;5;SEE;Materials;Containers & Packaging;Paper & Plastic Packaging Products & Materials;8%;5%;1,1;7,72%;4,56%;4,40%;-9,84%;14,48%;15,07%;3,83%;3,01%;-3,32%;;;;;;;;;;;;;;
SEI Investments;;R;67;0,92;1,38%;21;31%;46;2,00%;48;73%;115;0,80%;A-;52;73;16;3,66;18;25%;;0%;6;SEIC;Financials;Capital Markets;Asset Management & Custody Banks;36%;4%;1,4;7,32%;7,15%;7,80%;4,87%;1,96%;7,75%;4,46%;3,40%;5,48%;;;;;;;;;;;;;;
Selective Ins Grp;;D;94;1,40;1,48%;59;63%;35;4,00%;46;48%;140;1,00%;A-;92;110;45;5,67;17;25%;;17%;6;SIGI;Financials;Insurance;Property & Casualty Insurance;10%;2%;1,2;9,97%;11,05%;9,17%;12,61%;14,25%;12,06%;13,14%;10,35%;8,32%;;;;;;;;;;;;;;
Sempra Energy;;R;74;2,48;3,35%;10;14%;64;3,90%;34;46%;108;2,30%;B+;64;79;44;4,52;16;55%;;108%;5;SRE;Utilities;Multi-Utilities;Multi-Utilities;4%;-4%;2,8;4,43%;5,86%;6,57%;-9,40%;22,88%;9,10%;13,72%;10,60%;4,71%;;;;;;;;;;;;;;
Sensient Technologies;;R;74;1,64;2,21%;11;15%;63;2,60%;35;47%;109;1,50%;B+;53;79;25;2,15;35;76%;;63%;5;SXT;Materials;Chemicals;Specialty Chemicals;6%;4%;3,2;1,68%;3,97%;6,07%;-5,15%;-9,79%;-0,27%;3,02%;0,98%;-0,04%;;;;;;;;;;;;;;
Service Corporation Int'l;G;R;69;1,20;1,73%;15;21%;55;2,20%;20;28%;89;1,35%;B+;53;76;11;3,53;20;34%;;308%;6;SCI;Consumer Discretionary;Diversified Consumer Services;Specialized Consumer Services;4%;-4%;1,8;12,82%;10,49%;15,29%;7,02%;8,11%;17,90%;5,30%;5,15%;4,86%;;;;;;;;;;;;;;
Sherwin Williams;G;D;297;2,86;0,96%;161;54%;136;2,10%;84;28%;381;0,75%;A+;224;348;15;9,37;32;31%;;265%;6;SHW;Materials;Chemicals;Specialty Chemicals;13%;3%;3,4;10,64%;16,11%;13,76%;7,92%;18,92%;14,35%;7,88%;5,62%;8,51%;;;;;;;;;;;;;;
Simon Property Group, Inc.;;U;147;8,00;5,44%;-1;-1%;148;5,40%;139;94%;286;2,80%;B+;102;158;9;13,33;11;60%;;859%;6;SPG;Real Estate;Retail REITs;Retail REITs;10%;4%;3,2;16,60%;-1,17%;4,83%;24,81%;-2,37%;5,11%;7,09%;0,05%;2,22%;;;;;;;;;;;;;;
SJW Group;;R;53;1,60;3,01%;5;10%;48;3,35%;75;141%;128;1,25%;B+;51;77;39;2,67;20;60%;;142%;5;SJW;Utilities;Water Utilities;Water Utilities;3%;-16%;6,9;5,90%;6,30%;7,61%;7,79%;8,05%;9,12%;5,90%;11,01%;9,25%;;;;;;;;;;;;;;
Smith, A. O.;g;D;81;1,28;1,58%;47;57%;35;3,70%;61;75%;142;0,90%;A-;64;90;13;3,85;21;33%;;7%;6;AOS;Industrials;Building Products;Building Products;26%;4%;1,8;7,58%;9,93%;18,16%;20,29%;7,42%;14,96%;9,99%;3,86%;5,99%;;;;;;;;;;;;;;
Snap-On Inc ;G;R;265;7,44;2,80%;40;15%;225;3,30%;307;116%;572;1,30%;A+;248;298;96;19,07;14;39%;;24%;6;SNA;Industrials;Machinery;Industrial Machinery & Supplies & Components;17%;6%;1,1;14,56%;14,53%;15,58%;17,92%;9,59%;12,21%;9,02%;4,65%;4,67%;;;;;;;;;;;;;;
Southern Co;;O;77;2,88;3,73%;27;35%;50;5,75%;-5;-7%;72;4,00%;B+;62;80;29;3,87;20;74%;;197%;5;SO;Utilities;Electric Utilities;Electric Utilities;4%;0%;5,7;3,06%;3,16%;3,28%;7,30%;10,78%;6,83%;7,42%;1,45%;3,98%;;;;;;;;;;;;;;
Southwest Gas Holdings;;R;74;2,48;3,36%;24;33%;50;5,00%;39;53%;113;2,20%;A-;56;78;46;2,68;28;92%;;160%;6;SWX;Utilities;Gas Utilities;Gas Utilities;3%;3%;8,7;3,22%;3,83%;6,80%;-19,87%;-10,36%;-3,71%;18,10%;13,54%;10,79%;;;;;;;;;;;;;;
Spire Inc;;U;59;3,02;5,11%;2;4%;57;5,30%;62;104%;121;2,50%;A-;54;68;50;3,96;15;76%;;160%;5;SR;Utilities;Gas Utilities;Gas Utilities;4%;-3%;2,7;4,97%;5,06%;5,41%;38,79%;-2,32%;6,66%;12,85%;6,29%;10,12%;;;;;;;;;;;;;;
Stanley Black & Decker;;U;83;3,24;3,91%;-10;-12%;93;3,50%;133;160%;216;1,50%;B+;74;104;59;-0,50;-166;-649%;X;79%;6;SWK;Industrials;Machinery;Industrial Machinery & Supplies & Components;1%;8%;-2,2;5,02%;4,53%;4,98%;;;;6,52%;2,45%;3,78%;;;;;;;;;;;;;;
State Street ;;U;74;2,76;3,74%;7;9%;67;4,10%;104;141%;178;1,55%;A-;63;80;72;5,36;14;52%;;90%;6;STT;Financials;Capital Markets;Asset Management & Custody Banks;9%;14%;1,0;8,27%;8,20%;9,76%;-4,07%;-2,67%;2,33%;0,71%;-0,31%;1,93%;;;;;;;;;;;;;;
Stepan Co;;D;83;1,50;1,81%;45;55%;38;4,00%;84;101%;167;0,90%;A;64;100;54;1,65;50;91%;;54%;5;SCL;Materials;Chemicals;Specialty Chemicals;3%;5%;10,1;9,16%;9,71%;8,50%;-31,52%;-18,14%;-5,80%;7,55%;3,13%;2,15%;;;;;;;;;;;;;;
Stryker Corporation;g;O;341;3,20;0,94%;128;37%;213;1,50%;-4;-1%;337;0,95%;B+;250;361;49;8,75;39;37%;;70%;5;SYK;Health Care;Health Care Equipment & Supplies;Health Care Equipment;12%;2%;3,8;9,00%;9,58%;10,74%;25,24%;-2,45%;12,11%;12,62%;8,55%;8,55%;;;;;;;;;;;;;;
Superior Group of Cos., Inc;g;R;20;0,56;2,86%;5;26%;15;3,85%;27;138%;47;1,20%;B+;7;21;12;0,72;27;77%;;47%;6;SGC;Consumer Discretionary;Textiles, Apparel & Luxury Goods;Apparel, Accessories & Luxury Goods;;;;23,13%;7,50%;23,56%;-41,15%;-13,26%;1,62%;1,04%;9,42%;13,62%;;;;;;;;;;;;;;
Synovus Financial Corp;g;U;38;1,52;3,98%;3;7%;35;4,30%;79;206%;117;1,30%;A-;24;41;31;2,92;13;52%;;24%;4;SNV;Financials;Banks;Regional Banks;6%;-1%;1,2;4,81%;8,73%;18,43%;14,58%;-0,06%;14,67%;2,23%;8,60%;7,34%;;;;;;;;;;;;;;
Sysco Corp;;R;71;2,04;2,85%;22;30%;50;4,10%;36;50%;107;1,90%;A-;62;83;4;4,10;17;50%;;518%;4;SYY;Consumer Staples;Consumer Staples Distribution & Retail;Food Distributors;15%;1%;1,4;4,23%;6,92%;5,90%;102,16%;5,15%;7,59%;13,00%;5,38%;5,56%;;;;;;;;;;;;;;
T. Rowe Price;G;U;115;4,96;4,30%;0;0%;115;4,30%;139;121%;254;1,95%;A-;87;133;42;8,42;14;59%;;0%;6;TROW;Financials;Capital Markets;Asset Management & Custody Banks;19%;6%;1,5;10,67%;11,75%;12,37%;-8,04%;1,31%;7,12%;1,34%;3,76%;6,37%;;;;;;;;;;;;;;
Target Corp;G;R;148;4,40;2,98%;38;26%;110;4,00%;219;148%;367;1,20%;A;103;182;29;8,94;17;49%;;119%;6;TGT;Consumer Staples;Consumer Staples Distribution & Retail;Consumer Staples Merchandise Retail;11%;5%;1,8;17,61%;11,59%;10,68%;1,14%;10,16%;11,28%;4,71%;7,35%;4,19%;;;;;;;;;;;;;;
TC Energy Corporation;;U;38;2,80;7,45%;-4;-11%;42;6,70%;45;119%;82;3,40%;B+;33;42;26;1,91;20;147%;X;214%;5;TRP;Energy;Oil, Gas & Consumable Fuels;Oil & Gas Storage & Transportation;6%;-4%;1,8;4,44%;5,28%;4,42%;-16,81%;-7,61%;-1,42%;6,75%;2,26%;3,28%;;;;;;;;;;;;;;
TELUS Corporation;;U;16;1,11;6,94%;-3;-22%;19;5,70%;15;95%;31;3,55%;B+;15;20;11;0,38;42;292%;X;170%;6;TU;Communication Services;Diversified Telecommunication Services;Integrated Telecommunication Services;5%;2%;5,8;6,79%;5,86%;5,01%;-15,09%;-16,11%;-7,88%;8,97%;6,38%;3,01%;;;;;;;;;;;;;;
Tennant Company;;D;100;1,12;1,12%;38;38%;62;1,80%;12;12%;112;1,00%;B+;73;124;31;6,02;17;19%;;35%;5;TNC;Industrials;Machinery;Industrial Machinery & Supplies & Components;13%;4%;1,4;6,50%;4,81%;4,09%;47,68%;26,22%;10,54%;7,50%;2,05%;5,16%;;;;;;;;;;;;;;
Texas Instruments;G;R;195;5,20;2,67%;42;22%;153;3,40%;65;33%;260;2,00%;A+;139;206;19;6,41;30;81%;;66%;6;TXN;Information Technology;Semiconductors & Semiconductor Equipment;Semiconductors;19%;1%;3,3;10,51%;13,80%;16,72%;5,80%;4,81%;13,98%;6,60%;2,11%;3,68%;;;;;;;;;;;;;;
The Estee Lauder Cos., Inc;;U;122;2,64;2,17%;-67;-55%;189;1,40%;358;295%;480;0,55%;B+;102;204;16;1,78;68;148%;X;145%;5;EL;Consumer Staples;Personal Care Products;Personal Care Products;5%;-3%;15,8;22,90%;11,76%;9,10%;14,47%;-1,11%;0,79%;3,63%;3,06%;4,56%;;;;;;;;;;;;;;
The Interpublic Group of Com;g;D;30;1,32;4,33%;9;29%;22;6,10%;17;55%;47;2,80%;A;27;41;10;2,82;11;47%;;81%;6;IPG;Communication Services;Media;Advertising;9%;6%;1,0;6,73%;8,10%;15,25%;47,40%;12,38%;16,67%;6,32%;2,31%;4,34%;;;;;;;;;;;;;;
The Kroger Company;G;R;52;1,16;2,24%;7;14%;45;2,60%;28;54%;80;1,45%;A-;42;58;16;2,96;18;39%;;88%;6;KR;Consumer Staples;Consumer Staples Distribution & Retail;Food Retail;9%;5%;0,8;17,39%;15,72%;13,59%;-3,27%;-4,67%;7,40%;4,23%;4,25%;4,31%;;;;;;;;;;;;;;
Thermo Fisher Scientific Inc;;D;567;1,56;0,27%;146;26%;422;0,37%;299;53%;867;0,18%;A+;416;604;121;15,59;36;10%;;75%;6;TMO;Health Care;Life Sciences Tools & Services;Life Sciences Tools & Services;8%;3%;4,0;16,74%;15,54%;8,84%;-1,08%;16,37%;16,07%;9,98%;11,96%;12,59%;;;;;;;;;;;;;;
Thor Industries, Inc;;R;93;1,92;2,06%;37;39%;56;3,40%;147;157%;240;0,80%;B+;76;129;75;5,05;18;38%;;33%;6;THO;Consumer Discretionary;Automobiles;Automobile Manufacturers;6%;9%;2,0;4,00%;3,99%;9,60%;20,02%;-3,18%;9,21%;10,84%;5,95%;13,12%;;;;;;;;;;;;;;
TJX Companies;G;R;101;1,50;1,48%;33;33%;68;2,20%;49;48%;150;1,00%;A-;76;105;6;4,03;25;37%;;39%;6;TJX;Consumer Discretionary;Specialty Retail;Apparel Retail;26%;3%;2,3;77,79%;11,76%;16,74%;280,62%;9,70%;10,14%;19,04%;6,83%;7,05%;;;;;;;;;;;;;;
Tompkins Financial;;U;45;2,44;5,43%;-25;-55%;70;3,50%;91;202%;136;1,80%;B+;43;66;47;0,47;96;523%;X;90%;6;TMP;Financials;Banks;Regional Banks;1%;7%;5,0;14,95%;4,35%;4,54%;-49,74%;-34,20%;-15,27%;-10,03%;-5,30%;-0,54%;;;;;;;;;;;;;;
Toro Co;G;U;79;1,44;1,83%;-1;-2%;80;1,80%;81;103%;160;0,90%;A+;78;107;15;2,73;29;53%;;68%;6;TTC;Industrials;Machinery;Agricultural & Farm Machinery;14%;2%;1,9;10,79%;11,20%;17,12%;1,09%;4,60%;9,10%;10,45%;11,70%;8,35%;;;;;;;;;;;;;;
Toronto-Dominion Bank;;U;55;2,98;5,45%;-6;-11%;61;4,90%;40;73%;95;3,15%;A;54;66;57;4,36;13;68%;;354%;6;TD;Financials;Banks;Diversified Banks;11%;10%;0,7;7,15%;7,00%;6,00%;-4,62%;-2,34%;2,09%;6,80%;5,54%;4,21%;;;;;;;;;;;;;;
Trane Technologies Plc;g;O;322;3,36;1,04%;260;81%;62;5,45%;-112;-35%;210;1,60%;A-;162;338;31;9,47;34;35%;;68%;5;TT;Industrials;Building Products;Building Products;12%;2%;3,2;12,27%;8,89%;13,58%;35,57%;10,39%;15,53%;12,38%;7,45%;3,65%;;;;;;;;;;;;;;
Travelers Comp.;;O;210;4,20;2,00%;79;38%;131;3,20%;0;0%;210;2,00%;B+;157;233;109;13,45;16;31%;;32%;5;TRV;Financials;Insurance;Property & Casualty Insurance;9%;1%;1,1;5,26%;5,34%;7,20%;6,73%;6,63%;2,76%;8,96%;6,44%;4,68%;;;;;;;;;;;;;;
Truist Financial Corp;;U;37;2,08;5,55%;-17;-46%;55;3,80%;55;147%;92;2,25%;B+;27;41;39;-1,39;-27;-149%;X;101%;5;TFC;Financials;Banks;Regional Banks;5%;31%;0,9;4,94%;5,92%;8,50%;;;;1,00%;15,14%;8,96%;;;;;;;;;;;;;;
Tyson Foods, Inc;g;U;57;1,96;3,42%;-15;-27%;73;2,70%;223;388%;280;0,70%;A-;45;62;51;-1,75;-33;-112%;X;52%;6;TSN;Consumer Staples;Food Products;Packaged Foods & Meats;2%;-1%;57,9;4,55%;11,28%;25,38%;;;;6,98%;5,71%;4,40%;;;;;;;;;;;;;;
U.S. Bancorp;;U;39;1,96;5,02%;-26;-67%;65;3,00%;76;195%;115;1,70%;B+;29;46;31;3,02;13;65%;;114%;6;USB;Financials;Banks;Diversified Banks;6%;-3%;1,0;4,73%;7,57%;8,11%;2,24%;-4,61%;0,87%;6,45%;4,46%;3,75%;;;;;;;;;;;;;;
UFP Industries, Inc;G;R;115;1,32;1,14%;27;24%;88;1,50%;88;76%;203;0,65%;A+;77;129;49;8,04;14;16%;;9%;6;UFPI;Industrials;Building Products;Building Products;16%;10%;1,4;30,06%;25,03%;23,19%;26,36%;27,45%;27,40%;11,88%;9,97%;11,32%;;;;;;;;;;;;;;
UGI Corp;;U;24;1,50;6,19%;-11;-47%;36;4,20%;57;234%;81;1,85%;A-;20;30;20;-0,39;-62;-381%;X;165%;5;UGI;Utilities;Gas Utilities;Gas Utilities;5%;5%;0,8;3,92%;7,58%;7,15%;;;;10,83%;3,14%;2,18%;;;;;;;;;;;;;;
UMB Financial;;R;79;1,56;1,98%;11;14%;68;2,30%;51;65%;130;1,20%;A;56;87;64;7,54;10;21%;;45%;5;UMBF;Financials;Banks;Regional Banks;9%;-4%;0,9;6,97%;5,51%;5,81%;6,58%;12,81%;8,42%;2,86%;6,95%;5,88%;;;;;;;;;;;;;;
Union Pacific;G;D;226;5,20;2,30%;68;30%;158;3,30%;63;28%;289;1,80%;B+;191;259;24;10,48;22;50%;;220%;6;UNP;Industrials;Ground Transportation;Rail Transportation;12%;3%;2,2;10,25%;11,19%;13,39%;9,87%;5,73%;8,30%;7,28%;1,10%;0,94%;;;;;;;;;;;;;;
UnitedHealth Group Inc;G;U;485;7,52;1,55%;15;3%;470;1,60%;199;41%;684;1,10%;A+;436;555;96;16,39;30;46%;;70%;6;UNH;Health Care;Health Care Providers & Services;Managed Health Care;13%;2%;1,5;14,71%;16,14%;21,35%;14,18%;14,38%;15,81%;13,06%;10,43%;11,74%;;;;;;;;;;;;;;
Unitil Corporation;;R;50;1,70;3,38%;12;23%;39;4,40%;25;50%;76;2,25%;A-;41;55;30;2,98;17;57%;;138%;6;UTL;Utilities;Multi-Utilities;Multi-Utilities;5%;-1%;2,2;2,60%;2,10%;1,62%;9,46%;4,81%;6,03%;10,00%;4,64%;4,27%;;;;;;;;;;;;;;
Unum Group;;U;52;1,46;2,79%;4;7%;49;3,00%;80;153%;133;1,10%;B+;42;55;50;6,74;8;22%;;36%;4;UNM;Financials;Insurance;Life & Health Insurance;8%;6%;0,6;6,83%;7,24%;9,71%;18,66%;22,26%;7,38%;-2,17%;1,20%;1,73%;;;;;;;;;;;;;;
Vulcan Materials Company;g;R;252;1,84;0,73%;116;46%;136;1,35%;83;33%;335;0,55%;A-;191;276;57;6,92;36;27%;;52%;5;VMC;Materials;Construction Materials;Construction Materials;7%;3%;4,6;8,14%;8,96%;45,66%;16,72%;12,64%;43,39%;17,02%;12,17%;10,88%;;;;;;;;;;;;;;
Washington Federal, Inc.;g;U;27;1,04;3,87%;-6;-21%;33;3,20%;60;223%;87;1,20%;A;23;34;33;2,63;10;39%;;150%;6;WAFD;Financials;Banks;Regional Banks;7%;-8%;1,0;4,40%;8,12%;10,65%;18,07%;9,16%;9,88%;10,09%;7,55%;6,33%;;;;;;;;;;;;;;
Washington Trust Bancorp;;U;26;2,24;8,78%;-25;-100%;51;4,40%;61;238%;86;2,60%;A-;22;34;28;2,71;9;83%;;257%;6;WASH;Financials;Banks;Regional Banks;6%;9%;0,7;3,00%;4,94%;8,08%;-11,00%;-6,42%;2,70%;-5,21%;-0,12%;2,89%;;;;;;;;;;;;;;
Waste Management, Inc;;O;204;3,00;1,47%;84;41%;120;2,50%;-4;-2%;200;1,50%;A;150;215;17;6,11;33;49%;;235%;6;WM;Industrials;Commercial Services & Supplies;Environmental & Facilities Services;6%;2%;2,7;8,70%;8,52%;6,73%;17,15%;4,93%;39,01%;10,31%;6,49%;3,86%;;;;;;;;;;;;;;
Watsco Inc.;G;R;471;10,80;2,29%;231;49%;240;4,50%;879;187%;1350;0,80%;A+;319;492;50;13,02;36;83%;;5%;6;WSO;Industrials;Trading Companies & Distributors;Trading Companies & Distributors;19%;1%;3,2;12,27%;11,84%;23,89%;24,93%;16,07%;14,02%;12,95%;9,88%;6,88%;;;;;;;;;;;;;;
WD-40 Company;g;D;224;3,52;1,57%;84;37%;141;2,50%;57;25%;282;1,25%;A;183;279;15;5,02;45;70%;;57%;6;WDFC;Consumer Staples;Household Products;Household Products;19%;4%;3,3;7,67%;9,16%;10,36%;3,16%;0,81%;6,64%;9,56%;5,63%;3,84%;;;;;;;;;;;;;;
WEC Energy Group Inc;;U;79;3,34;4,23%;-7;-9%;86;3,90%;45;57%;124;2,70%;A;75;93;37;4,58;17;73%;;159%;6;WEC;Utilities;Multi-Utilities;Multi-Utilities;5%;1%;2,3;7,24%;7,14%;8,00%;3,65%;4,79%;5,33%;7,09%;2,98%;7,00%;;;;;;;;;;;;;;
West Pharmaceutical Svcs;;O;323;0,80;0,25%;294;91%;29;2,80%;-243;-75%;80;1,00%;A;310;416;39;7,58;43;11%;;7%;6;WST;Health Care;Life Sciences Tools & Services;Life Sciences Tools & Services;20%;1%;3,9;5,81%;6,20%;7,18%;19,91%;23,53%;17,51%;11,17%;11,43%;7,98%;;;;;;;;;;;;;;
Westamerica Bancorporation;;U;47;1,76;3,73%;-9;-18%;56;3,15%;22;46%;69;2,55%;A-;37;58;29;5,92;8;30%;;0%;5;WABC;Financials;Banks;Regional Banks;17%;3%;0,6;1,60%;1,46%;1,45%;26,69%;17,81%;9,26%;16,23%;10,34%;4,58%;;;;;;;;;;;;;;
Westinghouse Air Brake Tech;g;R;167;0,80;0,48%;73;44%;94;0,85%;33;19%;200;0,40%;B+;92;171;59;5,14;33;16%;;39%;5;WAB;Industrials;Machinery;Construction Machinery & Heavy Transportation Equipment;7%;3%;3,2;12,31%;7,21%;17,99%;27,80%;8,23%;4,17%;8,60%;17,27%;14,19%;;;;;;;;;;;;;;
Weyco Group;;R;31;1,04;3,39%;4;13%;27;3,90%;26;83%;56;1,85%;B+;24;34;26;3,08;10;34%;;0%;5;WEYS;Consumer Discretionary;Distributors;Distributors;9%;35%;0,6;1,03%;1,70%;3,38%;;9,98%;6,94%;17,64%;1,29%;0,58%;;;;;;;;;;;;;;
Woodward Inc.;g;O;183;1,00;0,55%;83;45%;100;1,00%;-16;-9%;167;0,60%;B+;105;187;35;5,72;32;17%;;35%;6;WWD;Industrials;Aerospace & Defense;Aerospace & Defense;10%;2%;3,3;12,00%;9,00%;10,26%;0,36%;6,03%;6,05%;5,31%;4,62%;4,18%;;;;;;;;;;;;;;
Worthington Enterprises Inc.;g;R;56;0,64;1,14%;18;33%;38;1,70%;51;90%;107;0,60%;B+;34;70;35;5,47;10;12%;;41%;5;WOR;Consumer Discretionary;Household Durables;Household Appliances;10%;50%;0,9;8,40%;7,83%;12,28%;54,40%;10,93%;10,51%;17,13%;6,54%;6,53%;;;;;;;;;;;;;;
WR Berkley Corp;;O;78;0,44;0,56%;38;49%;40;1,10%;2;3%;80;0,55%;B+;55;89;29;5,64;14;8%;;38%;5;WRB;Financials;Insurance;Property & Casualty Insurance;15%;3%;0,9;11,13%;10,40%;9,51%;39,26%;17,87%;12,34%;14,36%;9,43%;7,26%;;;;;;;;;;;;;;
Xcel Energy Inc;;D;53;2,19;4,11%;17;32%;37;6,00%;28;52%;81;2,70%;A;47;66;32;3,32;16;66%;;149%;6;XEL;Utilities;Electric Utilities;Electric Utilities;4%;-2%;2,1;6,54%;6,47%;6,48%;4,79%;5,38%;5,33%;7,22%;4,25%;2,67%;;;;;;;;;;;;;;
York Water;;D;36;0,84;2,37%;15;41%;21;4,00%;17;48%;53;1,60%;A;33;46;15;1,71;21;49%;;81%;6;YORW;Utilities;Water Utilities;Water Utilities;6%;-6%;2,1;4,00%;4,00%;3,91%;9,34%;9,80%;8,27%;9,67%;7,96%;5,30%;;;;;;;;;;;;;;
